store_id	phone	
2 Jewels	Tel : (361) 242-9292	
23 South	Tel : (973) 590-2500	
23 South Englewood	Tel : (973) 590-2500	
25 Silver Boutique - Colonie Center	Tel : (518) 459-5454	
25 Silver Boutique - Plattsburgh	Tel : (518) 561-3478	
25 Silver Boutique - Queensbury	Tel : (518) 798-0540	
25 Silver Boutique - Stuyvesant Plaza	Tel : (518) 459-4400	
2nd Street Beauty - Belmont Shore	Tel : (562) 279-1400	
2nd Street Beauty - Seal Beach	Tel : (562) 279-1400	
310 Rosemont - Blacksburg	Tel : (540) 982-1987	
5th Street Clothing Co.	Tel : (530) 345-5754	
A & J Jewelers	Tel : (678) 344-1022	
A Gallerie	Tel : (601) 594-7754	
A Line Boutique	Tel : (303) 773-8200	
A Line Boutique - Cherry Creek		
A Little Mad	Tel : (207) 370-1316	
A Silver Breeze	Tel : (347) 218-3983	
A Touch of Class		
A.S. Cooper	Tel : (441) 295-3961	
ARIA Resort & Casino - Elements	Tel : (702) 590-7757	
Accent Prone	Tel : (336) 310-4753	
Accents - The Royal Hawaiian	Tel : (808) 874-9604	
Accents - Sheraton Chicago Hotel	Tel : (312) 379-4420	
Accents - Westin Hotel Copley Place	Tel : (617) 266-5032	
Acori Diamonds & Design	Tel : (281) 482-4755	
Adair	Tel : (704) 960-4966	
Adelaide's Boutique	Tel : (281) 280-0772	
Adorn - Hill Country Galleria	Tel : (512) 215-8684	  
Adorn by Jewelry Girl - Lawrence	Tel : (913) 707-7546	
Adorn Home and Body	Tel : (512) 263-1400	
Adorn by Jewelry Girl Boutique	Tel : (913) 707-7546	
Adornments	Tel : (631) 725-0051	
Alapage	Tel : (603) 622-0550	
Alba	Tel : (201) 857-3628	
Albert's Jewelers	Tel : (219) 322-2700	
Alibi - New Braunfels	Tel : (830) 627-1177	
Alicia L		
Allie Harper	Tel : (251) 709-8382	
Ally's Boutique	Tel : (217) 779-9946	
Alspaugh's Ace Hardware of the Woodlands	Tel : (832) 482-3063	
Alspaugh's Sterling Events	Tel : (281) 361-6550	
Alter's Gem	Tel : (409) 861-3005	
Amara Day Spa	Tel : (801) 226-2300	
Amazing Grace	Tel : (580) 677-9200	
Ambiance - Haight St.	Tel : (415) 552-5095	
Ambiance - Union St.	Tel : (415) 923-9796	
Amendolaro	Tel : (570) 871-4643	
Anchored in Pink	Tel : (401) 619-3928	
Angelina	Tel : (847) 882-6802	
Anjali Pollach Design	Tel : (212) 579-5570	
Anna Cate Jewelry	Tel : (256) 858-1478	
Annie's Baldoria - Salem	Tel : (603) 898-1778	
Anthem Home	Tel : (415) 440-6500	
Apple Annie's Gift Shop	Tel : (601) 942-9915	
Apple's LTD	Tel : (601) 795-4546	
Argento Jewelry	Tel : (772) 223-5552	
Arizona Biltmore	Tel : (602) 955-6600	
Articles	Tel : (505) 298-6700	
Ash Boutique	Tel : (785) 215-6114	
Ashley Austin	Tel : (610) 925-5900	
Ashley's Attic	Tel : (979) 542-4345	
Atchison's	Tel : (806) 894-8655	
Atlanta West Jewelers	Tel : (770) 489-8600	
Audacious Boutique		
Aurora Jewelers		
Avenue Jewelers	Tel : (920) 731-4740	
Azure	Tel : (920) 347-2720	
BOT Boutique 	Tel : (850) 215-0212	
Back Down South	Tel : (270) 670-2880	
Bangles & Diamonds	Tel : (781) 990-1858	
Baribault Jewelers	Tel : (860) 633-1727	
Barn Door Boutique	Tel : (423) 803-2300	
Baubelles Boutique	Tel : (441) 293-2359	
Bay Club Financial District	Tel : (415) 362-7800	
Bay Club Golden Gateway	Tel : (415) 433-2936	
Bay Club San Francisco	Tel : (415) 433-2200	
Bay Club Silicon Valley	Tel : (408) 402-7600	  
Bayou Belle's Boutique	Tel : (901) 504-8511	  
Beard Fine Jewelers	Tel : (936) 637-2848	
Beau Kisses	Tel : (281) 395-4445	
Beau Kisses Austin	Tel : (512) 249-5100	
Beau Rivage Resort & Casino	Tel : (702) 692-1211	
Beautiful Things	Tel : (860) 432-9005	
Becky Beauchine Kulka (BBK)	Tel : (517)347-4000	
Bejeweled	Tel : (956) 712-9090	
Bella Boutique - Helena		
Bella Boutique - Little Rock	Tel : (501) 603-5373	
Bella Bridesmaid - Baton Rouge	Tel : (225) 246-2106	
Bella Bridesmaid - Charlotte	Tel : (704) 817-7547	
Bella Bridesmaid - Kansas City	Tel : (816) 361-5700	
Bella Bridesmaid - Lafayette	Tel : (337) 456-8080	
Bella Bridesmaid - Little Rock	Tel : (407) 432-7787	
Bella Bridesmaid - Palm Beach	Tel : (561) 345-3463	
Bella Bridesmaid - San Antonio	Tel : (210) 804-1000	
Bella Bridesmaid - Scottsdale		
Bella Bridesmaid - Scottsdale		
Bella Bridesmaid - Seattle	Tel : (206) 728-5965	
Bella Bridesmaid - Shreveport	Tel : (318) 698-0075	
Bella Bridesmaid Nashville		
Bella Bridesmaid San Antonio	Tel : (210) 804-1000	
Bella Bridesmaids Kansas City	Tel : (913) 338-1901	
Bella Luna	Tel : (706) 295-1515	
Bella Mar Boutique	Tel : (228) 344-3234	
Bella's House	Tel : (918) 938-8992	
Belle & Co	Tel : (252) 291-8869	
Belle Vogue Bridal	Tel : (913) 317-8981	
Ben David Jewelers	Tel : (434) 792-6561	
Benjamin's of Hickory	Tel : (828) 437-7272	
Bette Boutique	Tel : (828) 232-7211	
Bev & Co	Tel : (607) 749-2148	
Bev & Co - Ithaca	Tel : (607) 319-0643	
Bevello	Tel : (919) 890-0842	
Bevello Arlington Village	Tel : (252) 756-3090	
Bevello Armitage	Tel : (773) 857-1910	
Bevello Birkdale Village	Tel : (704) 896-1329	
Bevello Blakeney	Tel : (704) 542-0504	
Bevello Cameron Village	Tel : (919) 821-0884	
Bevello Chapel Hill	Tel : (919) 960-5171	
Bevello Charlottesville	Tel : (434) 244-0811	
Bevello City Centre	Tel : (713) 827-7711	
Bevello Crabtree	Tel : (919) 785-2898	
Bevello Cross Creek	Tel : (910) 764-7784	
Bevello Deer Park	Tel : (847) 847-1879	
Bevello Domain	Tel : (512) 491-8114	
Bevello Fayette Mall	Tel : (859) 271-6680	
Bevello Forum	Tel : (470) 375-5763	
Bevello Friendly Center	Tel : (336) 907-3200	
Bevello Greenville	Tel : (864) 252-4134	
Bevello Hamilton Corner	Tel : (423) 485-3334	
Bevello King Street	Tel : (843) 410-1484	
Bevello La Cantera	Tel : (210) 437-2747	
Bevello Legacy	Tel : (972) 473-7850	
Bevello Midtown Village	Tel : (205) 345-6687	
Bevello Mosaic	Tel : (703) 712-8265	
Bevello Naperville	Tel : (331) 472-4221	
Bevello Oxmoor	Tel : (502) 890-4335	
Bevello Phillips Place	Tel : (704) 643-5551	
Bevello Quarry Village	Tel : (210) 334-0320	
Bevello Rice Village	Tel : (281) 888-7617	
Bevello Short Pump	Tel : (804) 364-3442	
Bevello Snider Plaza	Tel : (469) 759-6470	
Bevello Summit	Tel : (205) 235-2321	
Bevello Thruway	Tel : (336) 722-6470	
Bevello Trenholm Plaza	Tel : (803) 814-1525	
Bevello Virginia Beach	Tel : (757) 321-2879	
Bevello Wilmington	Tel : (910) 256-6664	
Black Hawk Country Club	Tel : (281) 340-7200	
Blanka Boutique	Tel : (925) 360-4570	
Bless Your Heart	Tel : (210) 651-1000	
Bleu		
Bling	Tel : (620) 874-1169	
Bling - Hays	Tel : (785) 621-4761	
Bling - Manhattan	Tel : (785) 587-8775	
Bling - Scott City		
Bling - Wichita	Tel : (316) 252-8429	
Bling Hawthorne Plaza	Tel : (913) 498-8565	
Bling Inc. Garden City	Tel : (620) 874-1169	
Bliss Boutique	Tel : (580) 916-2560	
Bliss On Main	Tel : (979) 885-6690	
Blossoms	Tel : (270) 689-2229	
Blue Daisy Gift Shop - Pangaea Outpost		
Blue Eyed Girl - Brea	Tel : (949) 533-6022	
Blue Eyed Girl - Irvine	Tel : (949) 533-6022	
Blue Eyed Girl - Laguna Beach	Tel : (949) 533-6022	
Blue Eyed Girl - Laguna Niguel	Tel : (949) 533-6022	
Blue Eyed Girl - Newport Beach	Tel : (949) 533-6022	     
Blue Water Jewelers	Tel : (904) 829-5855	
Blush Boutique	Tel : (803) 520-0643	
Blush Bridal	Tel : (512) 407-9236	
Blush Bridal Boutique - Lincoln	Tel : (402) 261-5615	
Blush This Salon	Tel : (512) 259-9899	
Borsheim's Fine Jewelry & Gifts	Tel : (402) 391-0400	  
Boulevard Bride	Tel : (636) 561-4030	
Boutique 206	Tel : (405) 697-6190	
Boutique MariMac	Tel : (731) 641-1390	
Brazos Ave Market	Tel : (512) 869-7415	
Brazos Avenue Market	Tel : (979) 345-2874	
Brazos Avenue Market - Angleton	Tel : (979) 549-1423	
Brazos Avenue Market - Lake Jackson		
Brianne's Boutique	Tel : (317) 888-8995	
Brooks Collection Fine Jewelry	Tel : (662) 259-2886	
Brother's on the Blvd	Tel : (337) 984-7749	
Brown Eyed Girl	Tel : (251) 626-8446	
Brownlee Jewelers Arboretum	Tel : (704) 542-8691	
Brownlee Jewelers Rivergate	Tel : (980) 225-9681	
Brownlee Jewelers Rock Hill	Tel : (803) 324-5292	
Brownlee Jewelers Uptown	Tel : (704) 374-0100	
Burkett's	Tel : (425) 252-2389	
Button Up Boutique		
By-Request	Tel : (479) 442-7525	
C Sterling Jewelers	Tel : (419) 897-9131	
C'est Chic!	Tel : (512) 609-8728	
C. Jane	Tel : (512) 236-1435	  
Cabochon	Tel : (858) 454-8798	
Candy Apple	Tel : (504) 304-8840	
Caniche	Tel : (704) 638-5522	
Canopy Blue		
Cantrell's Jewelry		
Cara's Boutique	Tel : (440) 899-0050	
Carter's Jewel Chest	Tel : (870) 425-7070	
Casa Authentique	Tel : (325) 673-1190	
Cathy Cook Jewelry	Tel : (409) 769-9592	
Cayman's Clothiers Inc	Tel : (405) 360-3969	
Ce'leste	Tel : (909) 867-0014	
Centerpiece Boutique	Tel : (301) 934-3333	
Cha Boutique	Tel : (314) 933-8080	
Cha Boutique - Columbia		
Chalet		
Charlotte Shoppe - Sinking Springs	Tel : (610) 678-4800	
Charlotte's Web	Tel : (423) 266-4022	
Charm and Chain		
Charmed Boutique	Tel : (815) 842-0391	
Chel Bella	Tel : (781) 749-1219	
Cheri Amour	Tel : (716) 754-8675	
Cherokee Yacht Club	Tel : (918) 852-0313	
Chez Weenie	Tel : (870) 633-8100	
Chic Chateau Interiors	Tel : (958) 449-1213	
Christina Lynn's	Tel : (251) 210-6060	
Christopher's Boutique of Circleville	Tel : (740) 412-2855	
Christy's Corner	Tel : (817) 562-5111	
Cita's Boutique	Tel : (956) 412-4055	
Cita's Boutique - Brownsville	Tel : (956) 412-4055	
Cita's Boutique - Harlingen		
Claude Julian's Clothing Co	Tel : (662) 289-2482	
Closet Boutique	Tel : (609) 368-7400	
Coast - Carmel	Tel : (831) 250-5574	
Coastal Closet		
Cobblestone Cottage		
Cole & Company	Tel : (903) 592-8585	
Collage Boutique - Brookhaven	Tel : (404) 736-6424	
Collage Boutique - Marietta	Tel : (770) 321-5777	
Collections Retail Store at Omni Dallas Hotel	Tel : (214) 652-4809	
Conrad NY Hotel	Tel : (212) 945-0100	
Continuum	Tel : (407) 333-8888	
Coreopsis	Tel : (254) 300-4923	
Cornell Jeweler's		
Cotton Castle	Tel : (575) 392-5441	
Court & Layne	Tel : (225) 485-1684	
Courtside Club	Tel : (408) 395-7111	
Couture House	Tel : (281) 863-9542	
Crave Boutique		
Crinzi & Gullo Jewelers	Tel : (716) 662-8260	
Crow's Nest		
Crush	Tel : (617) 424-0010	
Cummings Carousel	Tel : (620) 225-7935	
D Squared	Tel : (606) 398-4190	
D Squared - Flowood		
DFW Events	Tel : (469) 855-9142	
DKM Accessories	Tel : (813) 902-0044	
Daisy Designs	Tel : (201) 867-8394	
Daisy Lane Gifts	Tel : (256) 325-2704	
Daisy Village	Tel : (580) 327-4702	  
Dandy Home and Ranch	Tel : (928) 302-2120	
Darien Sport Shop	Tel : (203) 202-9853	
Darling Pharmacy	Tel : (870) 523-5887	
David Kelley Jewelers	Tel : (901) 465-4838	
Dazzle	Tel : (901) 755-8393	
De Ma Fille Bridal		
Debra Herring Studio	Tel: (503) 375-3750	
Delaware North		
Dennis & Company	Tel : (850) 226-4380	
Desert Mountain Club	Tel : (480) 595-4014	
Design In The City	Tel : (816) 746-5544	  
Design In The City - South	Tel : (816) 746-5544	
Designer Blvd	Tel : (480) 988-6525	
Destin Threads	Tel : (850) 837-8750	
Details - Haymarket	Tel : (703) 754-0000	
Details Boutique	Tel : (303) 703-3884	
Diann's Boutique	Tel : (973) 584-3848	
Dimensions	Tel : (713) 780-8564	
Diplomat Hollywood	Tel : (954) 602-6000	
Diva Divine	Tel : (480) 585-2570	
Divalani Style		
Dorothy May's by Alspaugh's - Galveston		
Dorothy May's by Alspaugh's - Kingwood		
Double Diamond Shoes - Park City 		
Double Diamond Shoes - Vail	Tel : (970) 476-5500	
Dream Jewelers	Tel : (920) 235-8610	
Dress & Dwell	Tel : (812) 725-7566	
E. Leigh's	Tel : (501) 205-0749	
East Lansing Threads	Tel : (850) 687-5399	
Eastport's Little Secret	Tel : (631) 801-2806	
Eccentrics Boutiqe	Tel : (618) 681-2177	
Elevation	Tel : (802) 332-6380	
Elizabeth Lee	Tel : (508) 358-7788	
Elizabeth's Shoes & Accessories	Tel : (607) 773-8131	
Ellie Bee's	Tel : (903) 758-0300	
Embella's	Tel : (717) 545-3771	
Embellas - Hershey	Tel : (717) 805-7126	
Embellish Home	Tel : (520) 512-5200	
Embellish Nails & Boutique	Tel : (512) 328-9898	
Embellish Nails & Boutique: Anderson	Tel : (512) 452-7465	  
Emerson Rose	Tel : (832) 538-1487	
Emma Laura	Tel : (478) 272-2095	
English Rose	Tel : (806) 358-7673	
Ensemble	Tel : (617) 455-8711	
Envie Boutique	Tel : (850) 428-0174	
Eric's Diamonds		
Erin & Co.	Tel : (601) 695-4107	
Essentials on Park Lane		
Est8te	Tel : (865) 588-1588	
FLEA	Tel : (231) 631-2580	
Fabulous Finds	Tel : (910) 483-0733	
Fairmont - The Grand Del Mar		
Fairmont Scottsdale Princess Resort	Tel : (480) 585-4848	
Fairmont Stores - Jasper	Tel : (403) 678-6866	
Faith & Flair		
Faith & Flair - Breckenridge	Tel : (501) 620-4009	
Fancy That	Tel : (928) 445-1883	
Farm House Funk & Junk	Tel : (936) 994-8670	
Feldstein Jewelers	Tel : (715) 735-6913	
Field & Finch - Le Claire	Tel : (563) 370-4899	
Five & Company		
Five & Company - OKC	Tel : (405) 397-4500	
Five Fish	Tel : (727) 485 8660	
Flaunt Boutique - Smithfield	Tel : (401) 949-4849	
Flock	Tel : (617) 391-0222	
Fly Boutique		
Food Pantry - Accents Hawaii Prince Hotel	Tel : (808) 956-1111	
Food Pantry - Accents InterContinental Boston	Tel : (617) 747-1000	
Food Pantry Accents	  	
Food Pantry - Accents Hilton Disney	Tel : (407) 828-8772	
Food Pantry - Accents Hyatt Orlando	Tel : (407) 238-1288	   
Food Pantry - Accents Disney Swan Hotel		
Food Pantry Resorts - Accents Intercontinental		
Food Pantry Resorts - Accents JW Marriott	  	
Food Pantry - Accents Phoenician	Tel : (480) 941-8200	
Food Pantry Resorts - Accents Royal Palm	Tel : (305) 604-5700	
Food Pantry - Accents Sheraton Chicago	Tel : (312) 245-9130	
Food Pantry Resorts - Accents Wailea Marriott		
Food Pantry Resorts - Accents Westin Times Square	Tel : (212) 201-2700	
Food Pantry Resorts - Beverly Hilton Accents	Tel : (310) 274-7777	  
Food Pantry - Lamonts Hyatt Coconut Point	Tel : (239) 495-7358	
Food Pantry Resorts - Lamonts Hyatt Lost Pines		
Food Pantry Resorts - Shops at Kukui'ula		
Food Pantry Resorts - The Palace Collection	Tel : (415) 348-1890	
Food Pantry Resorts - Wakiki Beach Marriott Resort & Spa		
Food Pantry Resorts - Westin Moana Surfrider Hotel		
For Posh Sake	Tel : (804) 569-2713	
Formally Yours	Tel : (770) 923-5800	
Fortuity - Lawrence	Tel : (913) 491-5059	
Fortuity - Manhattan	Tel : (785) 532-9140	
Four Seasons - Boston	Tel : (617) 338-4400	
Four Seasons - Chicago	Tel : (312) 280-8800	
Four Seasons - Las Colinas Pro Shop		
Four Seasons - Las Vegas	Tel : (702) 632-5000	
Four Seasons - Miami	Tel : (305) 358-3535	
Four Seasons - Scottsdale	Tel : (480) 515-5700	
Four Seasons - St. Louis	Tel : (314) 881-5800	
Frankie's On The Park		
Freckles Chic	Tel : (870) 404-2639	
Fred	Tel : (203) 344-9533	
Free Reign Boutique	Tel : (610) 825-0100	
Frick & Frack	Tel : (973) 696-8266	
Frills on Fourth	Tel : (512) 352-5518	
Front Door Fashion	Tel : (469) 351-7144	
Gabrielle's		
Gal Fashion	Tel : (915) 300-0010	
Gamine	Tel : (937) 294-7465	
Garmany	Tel : (732) 576-8500	
Gaudie & Co	Tel : (409) 729-2790	
Gaudie & Co	Tel : (409) 860-4433	
Gayle's		
Gayle's Jewelers	Tel : (985) 732-9751	
Geraniums Boutique	Tel : 304-344-1350	
Get Personal Too	Tel : (281) 493-4611	
Gift & Gourmet	Tel : (830) 379-1242	
Gifted	Tel : (609) 918-9088	
Gifted by the Sea	Tel : (609) 342-0219	
Giganti Jewelry	Tel : (217) 793-3300	
Giggleswick	Tel : (662) 323-4438	
Gigi's Boutique	Tel : (843) 815-4450	
Gigi's Boutique	Tel : (931) 456-0003	
Gingers	Tel : (662) 286-2821	
Girlfriend's Flowers & Gifts	Tel : (620) 624-1649	
Glen Ivy Hot Springs	Tel : (888) 453-6489	
Glik's	Tel : (618) 876-6717	
Glitz Fine Clothing	Tel : (209) 664-9737	
Glow	Tel : (334) 770-4569	
Godwin Jewelers	Tel : (229) 246-7900	
Goffin's 64 Park	Tel : (201) 438-0265	
Gold Connection	Tel : (205) 487-4949	
Golden Nugget Lake Charles		
Goodman and Sons - Hampton	Tel : (757) 838-2328	
Goodman and Sons - Williamsburg	Tel : (757) 229-5388	
Gracie Grey Interiors	Tel : (575) 964-2205	
Grand Hyatt Kauai Resort		
Grand Wailea	Tel : (808) 875-1234	
Greetings & Readings	Tel : (410) 771-3022	
Grigsby's Boutique	Tel : (325) 949-0610	
Griner Jewelry	Tel : (229) 985-3700	
H Squared	Tel : (662) 843-4504	
Hallie B	Tel : (972) 971-4191	
Halls	Tel : (816) 274-4538	
Hamilton Jewelers	Tel : (903) 572-8361	
Harley's	Tel : 979-693-0995	  
Harris Jeweler	Tel : (937) 335-0055	
Harrison's Dept Store	Tel : 870-853-5294	
Haymore Garden Center	Tel : (434) 836-1722	
Heaven & Earth	Tel : (570) 573-3701	
Hello Beautiful Boutique		
Henri's Cloud Nine	Tel : (800) 952-3560	
Henry & Pearl	Tel : (770) 777-9171	
Henry's Trading Post	Tel : (609) 398-4238	
Her Hide Out	Tel : (484) 973-6333	
Heritage House Gifts	Tel : (228) 897-7644	
Herringstone's Two Sisters' Monroe	Tel : 318-372-4351	
Herry's Clothes Closet	Tel : (706) 543-0702	
Hill's In-House Jewelers	Tel : (601) 649-7735	
Hilltop House Bridal and Gift Boutique	Tel : (731) 285-6810	
Hilton Waikoloa Village		
Hissyfit's  - Dothan	Tel : (334) 677-1558	
Hissyfit's  - Rosemary Beach	Tel : (850) 231-0311	
Hissyfit's - Rosemary Beach		
Holidaze & Gifts	Tel : (972) 596-7695	
Holly & Brooks	Tel : (704) 661-5937	
Holly's	Tel : (515) 432-8606	
Holsted Marketing Inc		
Homestead	Tel : (979) 245-4663	
Honeysuckle & Home	Tel : (870) 595-2135	
Hotel Del Coronado	Tel : (619) 435-6611	
House of Lucky	Tel : (866) 709-2009	
I Elle Boutique	Tel : (707) 280-0508	
Ima's Fashion - Jackson	Tel : (731) 300-3768	
Ima's Fashion - Jonesboro	Tel : (870) 932-4019	
Ima's Fashion - Paragould	Tel : (870) 236-8523	
Indie	Tel : (479) 434-4467	
Indigeaux Denim Bar + Boutique	Tel : (850) 607-2255	
Indigo	Tel : (901) 755-6161	
Indigo		
Indigo Highway	Tel : (435) 214-7244	
Indigo Octopus	Tel : (443) 235-0758	
Infinity Jewelers		
Inspire Me	Tel : (574) 232-1798	
Irresistibles	Tel : (781) 631-8903	
Island Cabana	Tel : (941) 896-4946	
Island Hotel Newport Beach	Tel : (949) 760-4993	
Island Proper	Tel : (252) 646-7895	
Island Pursuit - Mystic	Tel : (941) 388-2849	
Island Pursuit - Newport	Tel : (941) 388-2849	
Island Pursuit - Sanibel	Tel : (941) 388-2849	
Island Pursuit - Sarasota	Tel : (941) 388-2849	
It's Retail Therapy	Tel : (803) 943-8464	
Ivy Lane	Tel : (770) 578-0506	
J. Hoffman's	Tel : (806) 797-8794 	
J. Lilly's Boutique		
J. Roberts	Tel : (575) 257-6945	
JW Marriott Lantana Spa	Tel : (210) 276-2300	
James & Leigh		
Jamiee's Boutique	Tel : (575) 791-7249	
Jenna Jane's Jewelry	Tel : (609) 492-2288	
Jennifer Miller	Tel : (212) 734-2299	
Jennifer's Country Cuts	Tel : (870) 696-3400	  
Jess Boutique	Tel : (802) 660-4004	
Jennifer's On Main	Tel : (319) 277-4880	
The Jewelry Gallery	Tel : (845) 429-2613	
Jewells Fine Jewelry	Tel : (540) 345-3564	
Joe Brand	Tel : (956) 722-0771	
Johnathan Michael's - Irwin	Tel : (724) 863-0722	
Johnathan Michael's - McMurray	Tel : (724) 863-0722	
Jongee's	Tel : (931) 836-2822	
"Joyus, Inc."	Tel : (415) 445-4195	
Jubilee Boutique	Tel : 228-872-6118	
Juli's Wearable Art	Tel : (814) 623-7216	
Julia Vogue - Bakersfield		
Julia Vogue Fashion Accessories LLC	Tel : (559) 448-0888	
Julia Vogue Fashion Accessories LLC - Blackstone		
Julian Gold - Midland		
Julian Gold - San Antonio	Tel : 210-824-2493	
Julian Gold- Corpus Christi	Tel : (361) 853-9974	
Julien's	Tel : (830) 278-8185	
Jumby Bay Gift Shop	Tel : (405) 922-6082	
June & Beyond	Tel : (417) 718-1717	
Juniper & Mae	Tel : (815) 878-4952	
K. Marie & Co	Tel : (707) 386-5731	
K. Pavolini Company	Tel : (228) 222-5268	
KK Bloom	Tel : (980) 428-6443	
KSL Resorts - Miraval		
KSL Resorts - The James Royal Palm	Tel : (786) 276-0313	
Karats & Keepsakes	Tel : (478) 471-6688	
Keeneland	Tel : (859) 254-3412	
Kelley Jewelers	Tel : (580) 772-3113	
Kelli Shop	Tel : (209) 384-0255	
Kelly Field's Boutique		
Kemah Boardwalk 		
Kiawah Fine Jewelry	Tel : (843) 768-5357	
Kicks		
Kim Moody Design	Tel : (434) 292-5005	
Kleinfeld Bridal	Tel : (646) 633-4369	
Knuth's	Tel : (216) 831-1116	
Kohala Bay Collections	Tel : (808) 293-2728	
Koser Jewelers	Tel : (717) 653-4941	
Koze	Tel : (415) 435-1916	
Kreations	Tel : (754) 400-8915	
Kreations - BCC	Tel : (786) 220-6012	
Kreations - Wellington	Tel : (954) 907-4727	
Krekeler Jewelers	Tel : (573) 756-3625	
La Belle Vita	Tel : (406) 721-2955	
La Chique Maison	Tel : (985) 665-4631	
La Di Da	Tel : (856) 222-1778	
La Quinta Resort & Club	Tel : (760) 564-8000	
La Ti Da Boutique	Tel : (330) 758-9900	
La Ville		
Lace Silhouettes Lingerie	Tel : (609) 898-7448	
Lansky Bro's - Peabody Hotel	Tel : (901) 525-5401	  
Lansky Bro's - Peabody Hotel	Tel : (901) 525-5401	  
Lasker Jewelers	Tel : (715) 835-5914	
Lasting Impressions	Tel : 936-598-6553	
Laura of Pembroke	Tel : (330) 477-4455	
Lavish		
Lavish Gift & Home	Tel : (310) 502-3675	
LavishlyHip	Tel : (413) 210-5113	
Lawrences	Tel : (817) 731-2772	
Layla Grace	Tel : (626) 356-2133	  
LavenderBlue	Tel : (609) 971-8880	
Leigh's	Tel : (616) 942-6300	  
Leela & Lavender	Tel : (701) 893-6453	
Leslie Jewelers	Tel : (501) 268-2340	
LewLew's	Tel : (931) 363-6375	
Lilac and Lilies	Tel : (954) 530-3109	   
Liles & Company	Tel : (580) 808-5354	
Lilie Alexander	Tel : (847) 234-5858	
Lilla & Beth	Tel : (512) 431-4976	
Lizzy G's Fine Gifts	Tel : (281) 251-5866	
Loeb's	Tel : (601) 482-4004	
Lola NY	Tel : (914) 358-1314	
Lolettas	Tel : (256) 489-8889	
Loli & The Bean	Tel : (850) 576-5654	  
The Loocke	Tel : (302) 741-2340	
Looking Glass		
Lorraine K	Tel : (203) 261-7556	
Louisiana Coin Exchange	Tel : (318) 869-3.472	
Louisiana Purcahses & Interiors	Tel : (318) 605-3593	
Love You Back	Tel : (704) 213-3913	
Lovely Paperie and Gifts	Tel : (216) 767-5277	
LSL Brands - Signatures	Tel : (609) 884-1434	
Lucca	Tel : (251) 224-4370	  
The Lucky Knot - Alexandra	Tel : (703) 549-1797	
Lucy Rose	Tel : 504-895-0444	
Luka	Tel : (956) 627-0640	
Lulu	Tel : (575) 523-4747	
Luxe Apothetique	Tel : (512) 346-8211	
Luxe Apothetique		
M & R Jewelers	Tel : (956) 971-1640	
M. Marie	Tel : (863) 318-9600	
M. Moose	Tel : (505) 325-7800	
MD Anderson Cancer Center	Tel : (713) 792-3228	
MGM - Maryland National Harbor		
MGM - Mirage Essentials	Tel : (702) 792-7762	
MGM Bellagio Spa	Tel : (702) 692-1210	
MGM Resorts - Bellagio Tutto	Tel : (702) 693-7762	
Ma Milles Gifts	Tel : (225) 892-1695	
Mabel and Zora	Tel : 503-241-5696	
Macy May	Tel : (936) 205-5911	
Madison's Closet	Tel : (501) 454-2999	  
Madison's on Main	Tel : (828) 488-3900	
Madrone Vineyards Estate		
Maggie Adams	Tel : (717) 730-2000	
Magnolias of Salado	Tel : (254) 947-0323	
Magpies Gifts	Tel : (281) 256-9777	
Magpies Gifts	Tel : (713) 661-9777	
Magpies on Sweetwater	Tel : (281) 277-9777	
Main & Gray	Tel : (803) 802-4663	
Makie Black Boutique	Tel : (806) 352-0552	
Malouf's	Tel : 806-794-9500	
Malouf's Southlake	Tel : (806) 794-9500	
Manhattan South	Tel : (205) 977-3871	
Marcelina's Boutique	Tel : (609) 729-7528	
Marella	Tel : (563) 556-3007	
Marion's	Tel : (727) 821-2345	
Mars Solutions - Resort de Pedegral Cabo		
Martha Rose Gifts & Home Decor	Tel: (573) 567-5050	
Martin Binder Jeweler	Tel: (219) 462-5931	
Mary & Mak Boutique	Tel : (855) 702-4323	
Mary Jane's - Estes Park	Tel : (970) 586-9034	
Mary Jane's - Steamboat Springs	Tel : (970) 879-7265	
Mary Jane's - Vail	Tel : (970) 476-7020	
Mary Jane's - Waikoloa	Tel : (808) 886-2707	
Material Girls	Tel : (601) 992-4533	
Material Girls - Flowood		
Material Girls - Hattiesburg		
Material Girls - Online		
Mathew's Jewelers	Tel : (409) 886-7233	
Mauna Kea Beach Hotel	Tel : (808) 882-7222	
Mauna Lani Bay Hotel & Bungalows	Tel : (808) 885-6622	
Maxwell James	Tel : (856) 795-0222	
Mays Street Boutique	Tel : (512) 248-2555	
McB's	Tel : (601) 450-6227	
McGinty Jewelers	Tel : (573) 335-6347	
Meig's Jewelry	Tel : (918) 456-6233	
Melly	Tel : (952) 929-9252	
Memory Makers	Tel : (434) 447-6200	
Meridian	Tel : (406) 652-9999	  
MGM Park - Las Vegas	Tel : (702) 730-7000	
Mia Bella's Boutique		
Mica & Molly's	Tel : (321) 821-4962	
Michele Jewelry Inc.	Tel : (979) 865-3941	
Millie Grace		
Milly & Grace	Tel : (508) 901-5051	
Mimi's Boutique		
Mimi's on Main	Tel : (662) 562-8261	
Mimosa Boutique		
Mingle	Tel : (225) 627-2165	
Minky Mink	Tel : (518) 926-7227	
Mod Cottage	Tel : (302) 227-7277	
Mode	Tel : (985) 892-0455	
Monkee's of Columbia	Tel : (803) 764-2890	
Monkee's of Fredricksburg	Tel : (540) 368-2111	
Monkee's of Greenville	Tel : (252) 758-7463	
Monkee's of Lexington	Tel : (859) 253-0427	
Monkee's of Louisville	Tel : (502) 897-149	
Monkee's of Virginia Beach	Tel : (757) 961-9722	
Monograms Plus	Tel : (205) 822-3353	
Montavo Jewelers	Tel : (956) 631-7940	
Morning Sky Boutique	Tel : (918) 773-5000	
Mosaic Clothing	Tel : (843) 374-0377	
Mullen Bros. Jewelers	Tel : (508) 673-2251	
Murray's Toggery Shop	Tel : (508) 228-0437	
Mykonos	Tel : (610) 558-8000	
Mystic Mermaid	Tel : (619) 233-0321	
Natty Beau - The Corner	Tel : (434) 977-0058	
Navarra's	Tel : (337) 433-3637	  
Neda Boutique	Tel : (718) 624-6332	
Nest of Feathers	Tel : (678) 943-2577	
Never Enough	Tel : (724) 838-1878	
Newbury Place	Tel : (203) 264-7333	
Nhu Avenue	Tel : (405) 778-8387	
Nikia	Tel : (516) 504-1111	
Nikkel Fashion Boutique	Tel : (631) 864-4223	
Nina at Fred Segal	Tel : (310) 458-8820	
Nordstrom - Ala Moana	Tel : (808) 953-6100	
Nordstrom - Alderwood Mall	Tel : (425) 771-5755	
Nordstrom - Anchorage	Tel : (907) 279-7622	
Nordstrom - Annapolis Mall	Tel : (410) 573-1121	
Nordstrom - Arden Fair	Tel : (916) 646-2400	
Nordstrom - Arden Fair	Tel : 916-646-2400	
Nordstrom - Aventura	Tel : (305) 356-6900	
Nordstrom - Barton Creek Square	Tel : (512) 691-3500	
Nordstrom - Beachwood Place	Tel : (216) 378-2121	
Nordstrom - Bellevue Square	Tel : (425) 455-5800	
Nordstrom - Brea Mall	Tel : (714) 529-0123	
Nordstrom - Broadway Plaza in Walnut Creek	Tel : (925) 930-7959	
Nordstrom - Burlington	Tel : (781) 345-7800	
Nordstrom - Chandler Fashion Center	Tel : (480) 855-2500	
Nordstrom - Cherry Creek Shopping Center	Tel : (720) 746-2424	
Nordstrom - Cherry Hill	Tel : (856) 773-5600	
Nordstrom - Christiana Mall	Tel : (302) 613-6000	
Nordstrom - Cicle Centre	Tel : (317) 636-2121	
Nordstrom - Clackamas Town Center	Tel : (503) 652-1810	
Nordstrom - Downtown Portland	Tel : (503) 224-6666	
Nordstrom - Downtown Seattle	Tel : (206) 628-2111	
Nordstrom - Dulles Town Center	Tel : (571) 434-4000	
Nordstrom - Easton Town Center	Tel : (614) 416-7111	
Nordstrom - Fashion Island	Tel : (949) 610-0700	
Nordstrom - Fashion Mall	Tel : (317) 810-9809	
Nordstrom - Fashion Mall at Keystone	Tel : 46240	
Nordstrom - Fashion Place	Tel : (801) 261-4402	
Nordstrom - Fashion Show	Tel : (702) 862-2525	
Nordstrom - Fashion Valley	Tel : (619) 295-4441	
Nordstrom - FlatIron Crossing	Tel : (925) 930-7959	
Nordstrom - Freehold Raceway Mall	Tel : (732) 308-1117	
Nordstrom - Galleria Dallas	Tel : (972) 702-0055	
Nordstrom - Galleria at Roseville	Tel : (916) 780-7300	
Nordstrom - Glendale Galleria	Tel : (818) 502-9922	
Nordstrom - Hillsdale Shopping Center	Tel : (650) 570-5111	
Nordstrom - Horton Plaza	Tel : (619) 239-1700	
Nordstrom - Houston Galleria	Tel : (832) 201-2700	
Nordstrom - International Plaza	Tel : (813) 875-4400	
Nordstrom - Irvine Spectrum Center	Tel : (949) 255-2800	
Nordstrom - Kenwood	Tel : (513) 699-4190	
Nordstrom - Lloyd Center	Tel : (503) 287-2444	
Nordstrom - MacArthur Center	Tel : (757) 314-1111	
Nordstrom - MacArthur Center	Tel : 757-314-1111	
Nordstrom - MainPlace	Tel : (714) 972-2020	
Nordstrom - Mall of America	Tel : (952) 883-2121	
Nordstrom - Mall of Georgia	Tel : (678) 546-1122	
Nordstrom - Menlo Park	Tel : (732) 603-5000	
Nordstrom - Michigan Avenue	Tel : (312) 454-1515	
Nordstrom - Montclair Plaza	Tel : (909) 625-0821	
Nordstrom - Montgomery Mall	Tel : (301) 365-4111	
Nordstrom - Natick Collection	Tel : (508) 318-2600	
Nordstrom - North County	Tel : (760) 740-0170	
Nordstrom - North East Mall	Tel : (817) 590-2599	
Nordstrom - NorthPark Center	Tel : (214) 231-3900	
Nordstrom - Northgate	Tel : (206) 364-8800	
Nordstrom - Northshore	Tel : (978) 278-7400	
Nordstrom - Oak Park Mall	Tel : (913) 492-8111	
Nordstrom - Oakbrook Center	Tel : (630) 571-2121	
Nordstrom - Old Orchard Center	Tel : (847) 677-2121	
Nordstrom - Park Meadows	Tel : (303) 799-3400	
Nordstrom - Partridge Creek	Tel : (586) 203-4360	
Nordstrom - Paseo Nuevo	Tel : (805) 564-8770	
Nordstrom - Perimeter Mall	Tel : (770) 394-1141	
Nordstrom - Phipps Plaza	Tel : (404) 442-3000	
Nordstrom - Providence Place	Tel : (401) 621-3111	
Nordstrom - Roosevelt Field	Tel : (516) 746-0011	
Nordstrom - Ross Park	Tel : (412) 548-4300	
Nordstrom - Salem Center	Tel : (503) 371-7710	
Nordstrom - San Francisco Centre	Tel : (415) 243-8500	
Nordstrom - Santa Anita	Tel : (626) 821-6363	
Nordstrom - Santa Monica	Tel : (910) 752-2701	
Nordstrom - Scottsdale Fashion Square	Tel : (480) 946-4111	
Nordstrom - Short Pump Town Center	Tel : (804) 364-6900	
Nordstrom - Somerset Collection	Tel : (248) 816-5100	
Nordstrom - Somerset Collection	Tel : 248-816-5100	
Nordstrom - South Bay Galleria 	Tel : (310) 542-9440	
Nordstrom - South Coast Plaza	Tel : (714) 549-8300	
Nordstrom - South Park	Tel : (704) 442-6000	
Nordstrom - South Shore Plaza	Tel : (781) 519-7200	
Nordstrom - Southcenter	Tel : (206) 246-0400	
Nordstrom - Southcenter	Tel : 206-246-0400	
Nordstrom - Spokane	Tel : (509) 455-6111	
Nordstrom - Stanford Shopping Center	Tel : (650) 323-5111	
Nordstrom - Stonebriar Centre	Tel : (972) 712-3794	
Nordstrom - Stoneridge Mall	Tel : (925) 463-5050	
Nordstrom - Stonestown Galleria	Tel : (415) 753-1344	
Nordstrom - Tacoma Mall	Tel : (253) 475-3630	
Nordstrom - The Fashion Centre at Pentagon City	Tel : (703) 415-1121	
Nordstrom - The Florida Mall	Tel : (407) 888-7889	
Nordstrom - The Gardens	Tel : (561) 340-2100	
Nordstrom - The Grove 	Tel : (323) 930-2230	
Nordstrom - The Mall at Short Hills	Tel : (973) 467-1500	
Nordstrom - The Mall in Columbia	Tel : (410) 715-2222	
Nordstrom - The Plaza at King of Prussia	Tel : (610) 265-6111	
Nordstrom - The Shops at La Cantera	Tel : (210) 332-1900	
Nordstrom - The Shops at Mission Viejo	Tel : (949) 347-2710	
Nordstrom - The Streets at Southpoint	Tel : (919) 806-3700	
Nordstrom - The Village at Corte Madera	Tel : (415) 927-1690	
Nordstrom - The Westchester	Tel : (914) 946-1122	
Nordstrom - Thousand Oaks	Tel : (805) 418-4500	
Nordstrom - Topanga	Tel : (818) 884-7900	
Nordstrom - Towne Center	Tel : (561) 620-5555	
Nordstrom - Towson Town Center	Tel : (410) 296-2111	
Nordstrom - Twelve Oaks Mall	Tel : (248) 504-5700	
Nordstrom - Twelve Oaks Mall	Tel : 248-504-5700	
Nordstrom - Tysons Corner Center	Tel : (703) 761-1121	
Nordstrom - University Mall	Tel : (801) 426-2800	
Nordstrom - University Towne Centre	Tel : (858) 457-4575	
Nordstrom - Valley Fair	Tel : (408) 248-2180	
Nordstrom - Vancouver	Tel : (360) 256-8666	
Nordstrom - Washington Square	Tel : (503) 620-0555	
Nordstrom - Waterside	Tel : (239) 325-6100	
Nordstrom - Wesfarms	Tel : (860) 521-9090	
Nordstrom - West County	Tel : (314) 255-2000	
Nordstrom - Westside Pavillion	Tel : (310) 470-6155	
Nordstrom - Woodfield Shopping Center	Tel : (847) 605-2121	
Nordstrom - Woodfield Shopping Center	Tel : 847-605-2121	
Norma's Country Dreams	Tel : (281) 930-9589	
Nove	Tel : (480) 292-9215	
Oak - A Southern Experience		
Occasionally Yours - Beaver Creek	Tel : (937) 427-3268	
Occasionally Yours - Columbus	Tel : (614) 454-3886	
Occassionally Yours - Easton	Tel : (937) 912-4890	
Occassionally Yours - Hamilton	Tel : (937) 912-4890	
Occassionally Yours - Liberty	Tel : (937) 912-4890	
Occassionally Yours - The Greene	Tel : (937) 912-4890	
Ocean Palm Virginia Beach	Tel : (757) 437-7256	
Ocean Palm Williamsburg	Tel : (757) 229-3961	
Olive You	Tel : (859) 625-1328	
Omni Frisco	Tel : (469) 287-0000	
Omni La Costa Resort	Tel : (760) 438-9111	
Omni Ranch Las Palmas Resort & Spa	Tel : (760) 568-2727	
On A Whim	Tel : (918) 728-8988	
On A Whim	Tel : (405) 848-3488	
On A Whim	Tel : (918) 728-8988	
Orlando World Center Marriott	Tel : (786) 388-2555	
Outback Leather Inc	Tel : (865) 908-3323	
Outside and In	Tel : (985) 876-7809	
Pacific Sports Redwood		
Pacific Sports San Diego		
Painted Pink	Tel : (334) 834-2220	
Paisley	Tel : (985) 727-7880	
Panache Apparel & Accessories	Tel : (228) 822-0120	  
Paper Chase	Tel : (888) 822-4583	
Paradies Shop		
Parkleigh	Tel : (585) 244-4842	
Parts Unknown	Tel : (805) 312-8292	
Patsy's Bridal Boutique		
Paula & Chlo	Tel : (248) 865-7789	
Peabody's Interiors	Tel : (414) 962-4550	
Peacock Lane		
Peacocks and Pearls	Tel : (270) 313-9885	
Pearl	Tel : (904) 844-2912	
Pecks Lodge	Tel : (405) 372-5597	
Penny's Closet	Tel : (615) 890-0415	
Pepi's Sports	Tel : (970) 476-5206	
Pepperberries	Tel : (540) 829-2290	
Peppermill Resort & Casino	Tel : (775) 826-2121	
Perch	Tel : (970) 688-5947	
Perfect Touch - Tuscaloosa	Tel : (334) 289-1275	
Periwinkle - Bel Air	Tel : (402) 916-4789	
Periwinkle - Hicksville	Tel : (516) 935-3200	  
Periwinkle - New Hyde Park	Tel : (516) 352-3900	
Periwinkle - Village Point	Tel : (402) 968-6648	
Periwinkles - Fairhaven	Tel : (508) 984-4930	
Personal Expressions	Tel : (573) 471-4171	
Pink Bungalow - Montclair	Tel : (973) 337-5371	
Pink Lagoon - Solana Beach	Tel : (858) 792-0882	
Pink Laundry	Tel : (714) 921-8685	
Pink Narcissus	Tel : (352) 373-4874	  
Pink Narcisuss - Daytona Beach	Tel : (386) 256-1234	
Pink Narcisuss - Panama Beach	Tel : (850) 233-2141	
Pink Palm - Alexandria	Tel : (703) 299-0856	
Pink Palm - Bethesda	Tel : (301) 913-9191	
Pink Palm - McLean	Tel : (703) 556-8750	
Pink Palm - Richmond	Tel : (804) 282-8799	
Pink Parkway	Tel : (781) 342-5449	
Pink Saloon	Tel : (316) 612-7465	
Pink Tulip Club	Tel : (513) 609-9393	
Poppy	Tel : (419) 565-7760	
Poppy Boutique	Tel : (650) 269-7747	
Posh	Tel : (580) 540-4386	
Posh Accessories	Tel : (626) 441-2100	
Precious Accents	Tel : (201) 567-6001	
Pretty Girlz	Tel : (850) 674-4744	
Pretty In Punch	Tel : (979) 733-6050	
Pretty Woman Boutique	Tel : (225) 658-5899	
Proposals	Tel : (501) 661-4696	
Puckett's	Tel : (270) 527-3040	
Punch Boutique	Tel : (540) 904-6743	
Punchy's	Tel : (254) 386-4445	
Puritan Cape Cod	Tel : (508) 775-2400	
PurseSnickety	Tel : (419) 565-7760	
R.S.V.P.	Tel : (734) 455-7229	
RAOK Boutique	Tel : (813) 754-7265	
RMC Boutique	Tel : (912) 335-2389	
Ramona & Co.	Tel : (615) 218-4489	
Rebecca's		
Red Apple Boutique	Tel : (863) 448-4096	
Red Door Gifts Rolla	Tel : (573) 364-0016	
Reed's	Tel : (662) 842-6453	
Reeds Jewelers	Tel : (910) 256-2962	
Refine		
Reflections - Laguna Beach		
Rhinestone Angel	Tel : (361) 865-9026	
Ribbon Chix - Murray	Tel : (270) 761-2449	
Ribbon Chix - Paducah	Tel : (270) 557-2449	
Ritz Carlton		
Rocks Box	Tel : (917) 685-9303	  
Romm Diamonds	Tel : (508) 587-2533	
Roomors	Tel : (631) 669-5196	
Rowena's on Main	Tel : (423) 581-0600	
Ruby Jane - Denver Highlands	Tel : (720) 855-7067	
Russell's Fine Gifts	Tel : (830) 775-3502	
Sabi Boutique	Tel : (979) 224-8595	
Sassy	Tel : (781) 551-0273	
Sassy Girl	  	
Sathers Leading Jewelers	Tel : (970) 223-0256	
Savvy Boutique	Tel : (775) 851-1001	
Sawmill Creek Resort	Tel : (419) 433-4945	
Scandia Down	Tel : (947) 205-1010	
Scandia House	Tel : (951) 733-7601	
Seabel's	Tel : (719) 543-2400	
Henredon & Schoener	Tel : (425) 454-9000	
Second Street Fashions	Tel : (956) 487-4488	
Selfridges & Co		
Selman's Jewelers	Tel : (601) 684-1517	
Serendipity by Kei	Tel : (334) 417-0170	
Serendipity by the Sea	Tel : (508) 748-1800	  
Seven Oaks Jewelers	Tel : (435) 319-6892	  
Seven Oaks Jewelers - Vernal	Tel : (435) 789-3337	
Sharla's	Tel : (214) 742-7527	
She Chester	Tel : (804) 717-5305	
She Said Yes	Tel : (479) 631-2006	
She She Boutique & Gallery	Tel : (970) 249-4944	
She She Shoes	Tel : (408) 354-3355	
Shear Impressions	Tel : (512) 312-2511	
Shot Spot	Tel : (678) 664-0610	
Showroom 56	Tel : (570) 714-1551	
Signatures Invitations & Gifts 	Tel : (623) 572-6820	
Silver Collections	Tel : (618) 524-5695	
Silver Collections - Marion	Tel : (618) 638-7131	
Silver Leaf Boutique	Tel : (985) 839-5411	
Silver Lining	Tel : (704) 283-2125	
Silver Steer & Co	Tel : (615) 807-2840	
Simply Charming	Tel : (540) 722-2669	
Simply CoCo	Tel : (940) 627-3125	
Simply Meg's	Tel : (336) 272-2555	
Simply Serene Salon & Spa	Tel : (830) 331-1103	
Simply Southwest	Tel : (620) 672-7722	
Singalila	Tel : (847) 816-3820	
Sissy's Log Cabin	Tel : (870) 692-3368	
Sisters	Tel : (201) 463-9116	
Skaneateles300	Tel : (315) 685-1133	
Smartie Pantz Kids	Tel : (830) 798-9323	
Soho Clothiers	Tel : (479) 271-8453	
Something Different Boutique	Tel : (610) 515-8006	
Something Else		
Something White Bridal	Tel : (816) 216-7454	
Sophie Reese	Tel : (631) 427-3200	
Sora & Company	Tel : (406) 868-4436	
Sora & Company - Missoula		
Soto Boutique - Sherman Oaks	Tel: (818) 817-9775	
South Moon Under		
South Moon Under - Arlington		
South Moon Under - Bethesda		
South Moon Under - Reston 		
Southern Bliss	Tel : (606) 633-0016	
Southbank Gift Company	Tel : (573) 659-4438	
Southern Loop		
Southern Roots	Tel : (501) 778-3339	
Southern Sisters	Tel : (770) 822-1900	
SpaLicious Boutique	Tel : (731) 926-4024	
Special Treasures	Tel : (662) 283-5721	
Spicer Greene Jewelers	Tel : (828) 253-1805	
Spirit Gift Shop	Tel : (512) 404-3660	
Spoil Me Rotten Boutique	Tel : (619) 677-3000	  
Squash Blossom Boutique	Tel : (620) 914-2148	
St. Regis Monarch Beach Resort	Tel : (949) 234-3200	
St. Regis Princeville Hotel		
Stationary Loft	Tel : (863) 248-4438	
Steel's Jewelry	Tel : (229) 244-3369	
Stella Rae's	Tel : 918-715-3301	
Steph + Elli	Tel : (716) 407-3603	
Stephan's Exclusives	Tel : (706) 885-9979	
Steve's On The Square	Tel : (601) 656-5056	
Studio 14	Tel : (580) 256-6950	
Studio 77 Gifts & Accessories	Tel : (843) 497-5931	
Studio Vino	Tel : (970) 622-9632	
Sugar & Spice	Tel : (731) 587-0811	
Sugar & Spice - Union City	Tel : (731) 599-9600	
Sumac Trading Co.	Tel : (580) 252-1899	
Sunflowers	Tel : (267) 544-0293	
SVS Fine Jewelry	Tel : (516) 766-2614	
Sweet Mash	Tel : (502) 604-6020	
Sweet Twist	Tel : (401) 885-7579	
Swoon	Tel : (508) 497-9666	
Swoon		
Take A Peak	Tel : (203) 451-0323	  
Tapestry	Tel : (864) 833-6591	
Taylor Connection	Tel : (601) 605-0236	
Taylorsville Florist & Gifts	Tel : (601) 785-6556	
Taz Boutique - Greenville	Tel : (864) 603-1456	
Taz Boutique - Pawley's	Tel : (843) 237-2056	
Tempo		
Terrazza	Tel : (508) 528-0977	
Tess Morgan	Tel : (973) 992-2400	
Tess Morgan - Bayside	Tel : (718) 352-1200	  
Tess Morgan - East Brunswick	Tel : (732) 432-7300	  
Tess Morgan - Massapequa	Tel : (516) 797-3200	
The Apple Basket		
The Basketry	Tel : (985) 785-8769	
The Bee	Tel : (732) 974-0060	
The Better Half	Tel : (601) 431-0588	
The Blonde & The Brunette	Tel : (319) 366-1228	
The Brass Trunk	Tel : (903) 935-3645	
The Broadmoor		
The Bug's Ear - Bardstown	Tel : (502) 507-1006	  
The Bug's Ear - Elizabethtown	Tel : (270) 982-2700	
The Candle Shop	Tel : (662) 578-0290	
The Castle Collection	Tel : (817) 645-5415	
The Caviar Co	Tel : (415) 580-7986	
The Cedar Chest	Tel : (512) 847-1100	
The Chatham Home	Tel : (508) 945-5562	
The Chic Chandelier Boutique		
The Clothes Gallery	Tel : (815) 455-3307	
The Clotheshorse		
The Containery	Tel : (940) 766-6367	
The Cottage	Tel : (410) 647-6742	  
The Cotton Gin	Tel : (256) 797-2340	
The Cotton Patch	Tel : (580) 477-1724	
The Diamond Galleria	Tel : (812) 465-6640	
The Dienger	Tel : (830) 331-2225	
The District on Main	Tel : (918) 283-4637	
The Farmer's Daughter Boutique	Tel : (270) 885-5104	
The Fashion of Ruston	Tel : (318) 255-2525	
The Festive Nest		
The Friendly Octopus	Tel : (806) 778-2864	
The Front Parlor	Tel : (409) 762-0224	
The Garment District	Tel : (303) 757-3371	
The Gift Shop	Tel : (870) 382-6907	
The Grove	Tel : (407) 740-0022	
The Joy of Living	Tel : (406) 294-1701	
The LBD	Tel : (316) 440-0772	
The Lime Leopard	Tel : (405) 755-3456	
The Lucky Knot	Tel : (703) 622-3847	
The Market On Washington	Tel : (706) 754-4556	
The Merry Magnolia	Tel : (870) 739-5579	
The Mill Design & Home	Tel : (662) 370-1030	
The Navy Knot	Tel : (262) 993-1546	
The Nest	Tel : (770) 632-9008	
The Palm Tree - Denton		
The Palm Tree - Grapevine	Tel : (817) 329-0719	
The Palm Tree - Victoria 	Tel : (361) 550-2263	
The Palm Tree Boutique	Tel : (361) 576-3611	
The Papery - Shrewsbury	Tel : (732) 741-0414	
The Papery - Summit	Tel : (908) 608-9300	
The Paradies Shops - Corsa Collections	Tel : (702) 733-9442	
The Pear Tree Gallery	Tel : (412) 582-2661	
The Pink Ch?ólet	Tel : (407) 363-7465	
The Pink Magnolia	Tel : (919) 561-1769	
The Pink Magnolia - Cary	Tel : (919) 518-5532	
The Pink Zinnia	Tel : (662) 449-5533	
The Pomegranate	Tel : (931) 684-3673	
The Prissy Closet	Tel : (423) 745-2565	
The Rage	Tel : (580) 226-2816	
The Red Door		
The Red Owl Meriden	Tel : (860) 966-9629	
The Red Owl and Gifts	Tel : (203) 439-0401	
The Red Poppy Boutique	Tel : (417) 725-4900	
The Ritz Carlton - Denver		
The Ritz Carlton - Naples	Tel : (239) 598-3300	
The Ritz Carlton Orlando	Tel : (407) 206-2400	
The Royal Hawaiian Hotel		
The San Luis Resort	Tel : (713) 386-8025	
The Silver Dahlia - Glastonbury	Tel : (860) 633-1817	
The Silver Dahlia - Simsbury	Tel : (860) 408-1239	
The Silver Dahlia - West Hartford	Tel : (860) 216-6221	
The Silver Sun	Tel : (225) 215-2345	
The Southern Pearl Boutique LLC.	Tel : (405) 387-4436	
The Steel Horse	Tel : (918) 272-2332	
The Swank Company - Furys Ferry	Tel : (706) 432-9282	
The Swank Company - Surrey Center	Tel : (706) 364-3421	
The Treehouse Inc	Tel : (706) 782-7297	
The Trendy Trunk	Tel : (615) 264-0448	
The Very Thing	Tel : (936) 632-2202	
The Vintage House	Tel : (972) 242-5616	
The White Butterfly	Tel : (732) 901-6262	
The Willow Tree - Boaz	Tel : (256) 593-7739	
The Willow Tree - Centre	Tel : (256) 593-7739	
The Willow Tree - Gadsden	Tel : (256) 549-0204	
The Willow Tree - Jacksonville	Tel : (256) 435-6018	
Therapy Boutique	Tel : (334) 821-3025	
Third and Broadway	Tel : (495) 740-9184	
Thompson's Gift Shop	Tel : (806) 655-2525	
Three Times A Lady	Tel : (615) 446-3838	
Tickle's	Tel : (508) 379-0717	
Tiger Lily	Tel : (405) 285-5764	  
Tiptoe	Tel : (516) 374-1100	
Tony Walker & Co.	Tel : (716) 650-5606	
Touche	Tel : (801) 299-8372	
Town & County	Tel : (417) 883-6131	
Traditions	Tel : (229) 391-9797	
Travel Traders - Bethesda	Tel : (786) 388-2538	
Travel Traders - Fairmont San Francisco	Tel : (786) 388-2538	
Travel Traders - Hilton Anaheim	Tel : (786) 388-2555	
Travel Traders - Hilton San Francisco	Tel : (786) 388-2538	
Travel Traders - Hyatt Regency Chicago	Tel : (786) 388-2538	
Travel Traders - Hyatt Regency Hill Country	Tel : (786) 388-2538	
Travel Traders - Hyatt Regency Huntington Beach	Tel : (786) 388-2538	
Travel Traders - Hyatt Regency Indian Wells		
Travel Traders - Hyatt Regency Lake Tahoe	Tel : (786) 388-2538	
Travel Traders - Hyatt Regency Los Angeles	Tel : (786) 388-2538	
Travel Traders - Hyatt Regency Orlando	Tel : (407) 284-1234	
Travel Traders - JW Marriott Desert Springs		
Travel Traders - JW Marriott Orlando	Tel : (786) 388-2538	
Travel Traders - La Concha	Tel : (786) 388-2538	
Travel Traders - Marriott Anaheim	Tel : (786) 388-2538	
Travel Traders - Marriott Marquis Houston		
Travel Traders - Marriott San Diego		
Travel Traders - Palm Springs	Tel : (786) 388-2538	
Travel Traders - Park Central San Francisco	Tel : (786) 388-2538	
Travel Traders - Wyndham Grand 	Tel : (786) 388-2555	
Travel Traders Westin Keirland Resort and Spa		
Traveling Chic Boutique	Tel : (843) 295-9003	
TRE Boutique - Pacific Highlands	Tel : (858) 847-2760	
TRE Boutique - Del Mar	Tel : (858) 755-7227	
TRE Boutique - Encinitas	Tel : (760) 942-0227	
Tre's Chic	Tel : (979) 836-9505	
Tressie Boutique Fort Collins		
Trinity Jewelers	Tel : (412) 367-7131	
Trinket's	Tel : (609) 408-2474	
Two P's & Calli's Boutique	Tel : (512) 392-8967	
Two Skirts	Tel : (970) 728-6828	
Ultimate Gifts	Tel : (662) 349-2717	
Uptown Gifts & Accessories	Tel : (309) 452-7999	
Urban Minx	Tel : (541) 312-7045	
VICI - Newport Beach		
Valleygirl Boutique - Avon	Tel : (970) 748-5008	
Valleygirl Boutique - Breckenridge	Tel : (970) 453-9383	
Valleygirl Boutique - Edwards	Tel : (970) 926-5007	
Van Norman's	Tel : (337) 738-4438	
Vanities	Tel : (915) 584-1183	
Variety Printing and Gifts	Tel : (423) 246-8371	
Vaughan's Jewelry	Tel : (252) 482-3525	
Vici	Tel : (925) 954-7475	
Village Collection	Tel : (304) 525-2204	
Village Designs Elmwood	Tel : (716) 881-7800	
Vintage Charm	Tel : (630) 632-1918	
Vintage Charm - Granger	Tel : (708) 354-1557	
Vintage Rose Emporium	Tel : (270) 759-2100	
Vintage Vogue		
Vogue Boutique	Tel : (580) 225-5155	
Von Maur		
WAC - Carmel Valley		
WAC - Cupertino	Tel : (408) 458-4118	
WAC - El Segundo	Tel : (408) 458-4118	
WAC - Redwood Shores	Tel : (408) 458-4118	
WAC - Santana Row		
Waldorf-Astoria Hotel 656	Tel : (212) 355-3000	
Walin & Wolff - Southport	Tel : (914) 305-3920	
Walin and Wolff - New Canaan	Tel : (203) 966-4281	
Walin and Wolff - Rye	Tel : (914) 305-6601	
Walin and Wolff - Westport	Tel : (800) 270-0275	
Walker Boutique	Tel : (912) 681-3784	
Walla Walla - Boise		
Walla Walla - Kennewick		
Walla Walla - Meridian		
Walla Walla - Tacoma		
Walla Walla - Walla Walla		
Warren's	Tel : (727) 799-1960	
Water Street Boutique	Tel : (708) 995-1998	  
WAVE	Tel : (203) 966-1778	
WAVE Gallery New Haven	Tel : (203) 624-3032	
Weddington Way	Tel : (415) 926-5925	
Welling & Co Jewelers	Tel : (513) 779-8883	
Westlake Dermatology	Tel : (512) 328-3376	
Westmont Gallery & Boutique	Tel : (936) 597-5505	
What To Wear	Tel : (719) 488-5980	
What to Wear	Tel : (618) 655-0222	
White Birch Interiors & Home	Tel : (618) 466-9100	
Whitney & Winston	Tel : (617) 720-2600	
Wildflower Boutique	Tel : (985) 702-1077	
Will Nilly Trading Co.		
Wish Boutique	Tel : (303) 722-2900	
Wit's End Giftique	Tel : (518) 371-9273	
Wooden Nickel	Tel : (580) 353-5800	
Woodfield Country Club	Tel : (561) 994-1000	
Wynk Boutique	Tel : (308) 233-5554	
Y & I Clothing	Tel : (415) 202-0775	
Ye Peddler Gift Shoppe	Tel : (931) 388-8888	
Zeal Boutique		
Zeal Boutique - Mobile	Tel : (251) 378-8195	
Zertz	Tel : (830) 990-8900	
Zinnia	Tel : (843) 388-9433	
Zus & Zo	Tel : (269) 625-7830	
