store_id,phone,
2 Jewels,(361) 242-9292,
23 South,(973) 590-2500,
23 South Englewood,(973) 590-2500,
25 Silver Boutique - Colonie Center,(518) 459-5454,
25 Silver Boutique - Plattsburgh,(518) 561-3478,
25 Silver Boutique - Queensbury,(518) 798-0540,
25 Silver Boutique - Stuyvesant Plaza,(518) 459-4400,
2nd Street Beauty - Belmont Shore,(562) 279-1400,
2nd Street Beauty - Seal Beach,(562) 279-1400,
310 Rosemont - Blacksburg,(540) 982-1987,
5th Street Clothing Co.,(530) 345-5754,
A & J Jewelers,(678) 344-1022,
A Gallerie,(601) 594-7754,
A Line Boutique,(303) 773-8200,
A Line Boutique - Cherry Creek,,
A Little Mad,(207) 370-1316,
A Silver Breeze,(347) 218-3983,
A Touch of Class,,
A.S. Cooper,(441) 295-3961,
ARIA Resort & Casino - Elements,(702) 590-7757,
Accent Prone,(336) 310-4753,
Accents - The Royal Hawaiian,(808) 874-9604,
Accents - Sheraton Chicago Hotel,(312) 379-4420,
Accents - Westin Hotel Copley Place,(617) 266-5032,
Acori Diamonds & Design,(281) 482-4755,
Adair,(704) 960-4966,
Adelaide's Boutique,(281) 280-0772,
Adorn - Hill Country Galleria,(512) 215-8684,  
Adorn by Jewelry Girl - Lawrence,(913) 707-7546,
Adorn Home and Body,(512) 263-1400,
Adorn by Jewelry Girl Boutique,(913) 707-7546,
Adornments,(631) 725-0051,
Alapage,(603) 622-0550,
Alba,(201) 857-3628,
Albert's Jewelers,(219) 322-2700,
Alibi - New Braunfels,(830) 627-1177,
Alicia L,,
Allie Harper,(251) 709-8382,
Ally's Boutique,(217) 779-9946,
Alspaugh's Ace Hardware of the Woodlands,(832) 482-3063,
Alspaugh's Sterling Events,(281) 361-6550,
Alter's Gem,(409) 861-3005,
Amara Day Spa,(801) 226-2300,
Amazing Grace,(580) 677-9200,
Ambiance - Haight St.,(415) 552-5095,
Ambiance - Union St.,(415) 923-9796,
Amendolaro,(570) 871-4643,
Anchored in Pink,(401) 619-3928,
Angelina,(847) 882-6802,
Anjali Pollach Design,(212) 579-5570,
Anna Cate Jewelry,(256) 858-1478,
Annie's Baldoria - Salem,(603) 898-1778,
Anthem Home,(415) 440-6500,
Apple Annie's Gift Shop,(601) 942-9915,
Apple's LTD,(601) 795-4546,
Argento Jewelry,(772) 223-5552,
Arizona Biltmore,(602) 955-6600,
Articles,(505) 298-6700,
Ash Boutique,(785) 215-6114,
Ashley Austin,(610) 925-5900,
Ashley's Attic,(979) 542-4345,
Atchison's,(806) 894-8655,
Atlanta West Jewelers,(770) 489-8600,
Audacious Boutique,,
Aurora Jewelers,,
Avenue Jewelers,(920) 731-4740,
Azure,(920) 347-2720,
BOT Boutique ,(850) 215-0212,
Back Down South,(270) 670-2880,
Bangles & Diamonds,(781) 990-1858,
Baribault Jewelers,(860) 633-1727,
Barn Door Boutique,(423) 803-2300,
Baubelles Boutique,(441) 293-2359,
Bay Club Financial District,(415) 362-7800,
Bay Club Golden Gateway,(415) 433-2936,
Bay Club San Francisco,(415) 433-2200,
Bay Club Silicon Valley,(408) 402-7600,  
Bayou Belle's Boutique,(901) 504-8511,  
Beard Fine Jewelers,(936) 637-2848,
Beau Kisses,(281) 395-4445,
Beau Kisses Austin,(512) 249-5100,
Beau Rivage Resort & Casino,(702) 692-1211,
Beautiful Things,(860) 432-9005,
Becky Beauchine Kulka (BBK),(517)347-4000,
Bejeweled,(956) 712-9090,
Bella Boutique - Helena,,
Bella Boutique - Little Rock,(501) 603-5373,
Bella Bridesmaid - Baton Rouge,(225) 246-2106,
Bella Bridesmaid - Charlotte,(704) 817-7547,
Bella Bridesmaid - Kansas City,(816) 361-5700,
Bella Bridesmaid - Lafayette,(337) 456-8080,
Bella Bridesmaid - Little Rock,(407) 432-7787,
Bella Bridesmaid - Palm Beach,(561) 345-3463,
Bella Bridesmaid - San Antonio,(210) 804-1000,
Bella Bridesmaid - Scottsdale,,
Bella Bridesmaid - Scottsdale,,
Bella Bridesmaid - Seattle,(206) 728-5965,
Bella Bridesmaid - Shreveport,(318) 698-0075,
Bella Bridesmaid Nashville,,
Bella Bridesmaid San Antonio,(210) 804-1000,
Bella Bridesmaids Kansas City,(913) 338-1901,
Bella Luna,(706) 295-1515,
Bella Mar Boutique,(228) 344-3234,
Bella's House,(918) 938-8992,
Belle & Co,(252) 291-8869,
Belle Vogue Bridal,(913) 317-8981,
Ben David Jewelers,(434) 792-6561,
Benjamin's of Hickory,(828) 437-7272,
Bette Boutique,(828) 232-7211,
Bev & Co,(607) 749-2148,
Bev & Co - Ithaca,(607) 319-0643,
Bevello,(919) 890-0842,
Bevello Arlington Village,(252) 756-3090,
Bevello Armitage,(773) 857-1910,
Bevello Birkdale Village,(704) 896-1329,
Bevello Blakeney,(704) 542-0504,
Bevello Cameron Village,(919) 821-0884,
Bevello Chapel Hill,(919) 960-5171,
Bevello Charlottesville,(434) 244-0811,
Bevello City Centre,(713) 827-7711,
Bevello Crabtree,(919) 785-2898,
Bevello Cross Creek,(910) 764-7784,
Bevello Deer Park,(847) 847-1879,
Bevello Domain,(512) 491-8114,
Bevello Fayette Mall,(859) 271-6680,
Bevello Forum,(470) 375-5763,
Bevello Friendly Center,(336) 907-3200,
Bevello Greenville,(864) 252-4134,
Bevello Hamilton Corner,(423) 485-3334,
Bevello King Street,(843) 410-1484,
Bevello La Cantera,(210) 437-2747,
Bevello Legacy,(972) 473-7850,
Bevello Midtown Village,(205) 345-6687,
Bevello Mosaic,(703) 712-8265,
Bevello Naperville,(331) 472-4221,
Bevello Oxmoor,(502) 890-4335,
Bevello Phillips Place,(704) 643-5551,
Bevello Quarry Village,(210) 334-0320,
Bevello Rice Village,(281) 888-7617,
Bevello Short Pump,(804) 364-3442,
Bevello Snider Plaza,(469) 759-6470,
Bevello Summit,(205) 235-2321,
Bevello Thruway,(336) 722-6470,
Bevello Trenholm Plaza,(803) 814-1525,
Bevello Virginia Beach,(757) 321-2879,
Bevello Wilmington,(910) 256-6664,
Black Hawk Country Club,(281) 340-7200,
Blanka Boutique,(925) 360-4570,
Bless Your Heart,(210) 651-1000,
Bleu,,
Bling,(620) 874-1169,
Bling - Hays,(785) 621-4761,
Bling - Manhattan,(785) 587-8775,
Bling - Scott City,,
Bling - Wichita,(316) 252-8429,
Bling Hawthorne Plaza,(913) 498-8565,
Bling Inc. Garden City,(620) 874-1169,
Bliss Boutique,(580) 916-2560,
Bliss On Main,(979) 885-6690,
Blossoms,(270) 689-2229,
Blue Daisy Gift Shop - Pangaea Outpost,,
Blue Eyed Girl - Brea,(949) 533-6022,
Blue Eyed Girl - Irvine,(949) 533-6022,
Blue Eyed Girl - Laguna Beach,(949) 533-6022,
Blue Eyed Girl - Laguna Niguel,(949) 533-6022,
Blue Eyed Girl - Newport Beach,(949) 533-6022,     
Blue Water Jewelers,(904) 829-5855,
Blush Boutique,(803) 520-0643,
Blush Bridal,(512) 407-9236,
Blush Bridal Boutique - Lincoln,(402) 261-5615,
Blush This Salon,(512) 259-9899,
Borsheim's Fine Jewelry & Gifts,(402) 391-0400,  
Boulevard Bride,(636) 561-4030,
Boutique 206,(405) 697-6190,
Boutique MariMac,(731) 641-1390,
Brazos Ave Market,(512) 869-7415,
Brazos Avenue Market,(979) 345-2874,
Brazos Avenue Market - Angleton,(979) 549-1423,
Brazos Avenue Market - Lake Jackson,,
Brianne's Boutique,(317) 888-8995,
Brooks Collection Fine Jewelry,(662) 259-2886,
Brother's on the Blvd,(337) 984-7749,
Brown Eyed Girl,(251) 626-8446,
Brownlee Jewelers Arboretum,(704) 542-8691,
Brownlee Jewelers Rivergate,(980) 225-9681,
Brownlee Jewelers Rock Hill,(803) 324-5292,
Brownlee Jewelers Uptown,(704) 374-0100,
Burkett's,(425) 252-2389,
Button Up Boutique,,
By-Request,(479) 442-7525,
C Sterling Jewelers,(419) 897-9131,
C'est Chic!,(512) 609-8728,
C. Jane,(512) 236-1435,  
Cabochon,(858) 454-8798,
Candy Apple,(504) 304-8840,
Caniche,(704) 638-5522,
Canopy Blue,,
Cantrell's Jewelry,,
Cara's Boutique,(440) 899-0050,
Carter's Jewel Chest,(870) 425-7070,
Casa Authentique,(325) 673-1190,
Cathy Cook Jewelry,(409) 769-9592,
Cayman's Clothiers Inc,(405) 360-3969,
Ce'leste,(909) 867-0014,
Centerpiece Boutique,(301) 934-3333,
Cha Boutique,(314) 933-8080,
Cha Boutique - Columbia,,
Chalet,,
Charlotte Shoppe - Sinking Springs,(610) 678-4800,
Charlotte's Web,(423) 266-4022,
Charm and Chain,,
Charmed Boutique,(815) 842-0391,
Chel Bella,(781) 749-1219,
Cheri Amour,(716) 754-8675,
Cherokee Yacht Club,(918) 852-0313,
Chez Weenie,(870) 633-8100,
Chic Chateau Interiors,(958) 449-1213,
Christina Lynn's,(251) 210-6060,
Christopher's Boutique of Circleville,(740) 412-2855,
Christy's Corner,(817) 562-5111,
Cita's Boutique,(956) 412-4055,
Cita's Boutique - Brownsville,(956) 412-4055,
Cita's Boutique - Harlingen,,
Claude Julian's Clothing Co,(662) 289-2482,
Closet Boutique,(609) 368-7400,
Coast - Carmel,(831) 250-5574,
Coastal Closet,,
Cobblestone Cottage,,
Cole & Company,(903) 592-8585,
Collage Boutique - Brookhaven,(404) 736-6424,
Collage Boutique - Marietta,(770) 321-5777,
Collections Retail Store at Omni Dallas Hotel,(214) 652-4809,
Conrad NY Hotel,(212) 945-0100,
Continuum,(407) 333-8888,
Coreopsis,(254) 300-4923,
Cornell Jeweler's,,
Cotton Castle,(575) 392-5441,
Court & Layne,(225) 485-1684,
Courtside Club,(408) 395-7111,
Couture House,(281) 863-9542,
Crave Boutique,,
Crinzi & Gullo Jewelers,(716) 662-8260,
Crow's Nest,,
Crush,(617) 424-0010,
Cummings Carousel,(620) 225-7935,
D Squared,(606) 398-4190,
D Squared - Flowood,,
DFW Events,(469) 855-9142,
DKM Accessories,(813) 902-0044,
Daisy Designs,(201) 867-8394,
Daisy Lane Gifts,(256) 325-2704,
Daisy Village,(580) 327-4702,  
Dandy Home and Ranch,(928) 302-2120,
Darien Sport Shop,(203) 202-9853,
Darling Pharmacy,(870) 523-5887,
David Kelley Jewelers,(901) 465-4838,
Dazzle,(901) 755-8393,
De Ma Fille Bridal,,
Debra Herring Studio,(503) 375-3750,
Delaware North,,
Dennis & Company,(850) 226-4380,
Desert Mountain Club,(480) 595-4014,
Design In The City,(816) 746-5544,  
Design In The City - South,(816) 746-5544,
Designer Blvd,(480) 988-6525,
Destin Threads,(850) 837-8750,
Details - Haymarket,(703) 754-0000,
Details Boutique,(303) 703-3884,
Diann's Boutique,(973) 584-3848,
Dimensions,(713) 780-8564,
Diplomat Hollywood,(954) 602-6000,
Diva Divine,(480) 585-2570,
Divalani Style,,
Dorothy May's by Alspaugh's - Galveston,,
Dorothy May's by Alspaugh's - Kingwood,,
Double Diamond Shoes - Park City ,,
Double Diamond Shoes - Vail,(970) 476-5500,
Dream Jewelers,(920) 235-8610,
Dress & Dwell,(812) 725-7566,
E. Leigh's,(501) 205-0749,
East Lansing Threads,(850) 687-5399,
Eastport's Little Secret,(631) 801-2806,
Eccentrics Boutiqe,(618) 681-2177,
Elevation,(802) 332-6380,
Elizabeth Lee,(508) 358-7788,
Elizabeth's Shoes & Accessories,(607) 773-8131,
Ellie Bee's,(903) 758-0300,
Embella's,(717) 545-3771,
Embellas - Hershey,(717) 805-7126,
Embellish Home,(520) 512-5200,
Embellish Nails & Boutique,(512) 328-9898,
Embellish Nails & Boutique: Anderson,(512) 452-7465,  
Emerson Rose,(832) 538-1487,
Emma Laura,(478) 272-2095,
English Rose,(806) 358-7673,
Ensemble,(617) 455-8711,
Envie Boutique,(850) 428-0174,
Eric's Diamonds,,
Erin & Co.,(601) 695-4107,
Essentials on Park Lane,,
Est8te,(865) 588-1588,
FLEA,(231) 631-2580,
Fabulous Finds,(910) 483-0733,
Fairmont - The Grand Del Mar,,
Fairmont Scottsdale Princess Resort,(480) 585-4848,
Fairmont Stores - Jasper,(403) 678-6866,
Faith & Flair,,
Faith & Flair - Breckenridge,(501) 620-4009,
Fancy That,(928) 445-1883,
Farm House Funk & Junk,(936) 994-8670,
Feldstein Jewelers,(715) 735-6913,
Field & Finch - Le Claire,(563) 370-4899,
Five & Company,,
Five & Company - OKC,(405) 397-4500,
Five Fish,(727) 485 8660,
Flaunt Boutique - Smithfield,(401) 949-4849,
Flock,(617) 391-0222,
Fly Boutique,,
Food Pantry - Accents Hawaii Prince Hotel,(808) 956-1111,
Food Pantry - Accents InterContinental Boston,(617) 747-1000,
Food Pantry Accents,  ,
Food Pantry - Accents Hilton Disney,(407) 828-8772,
Food Pantry - Accents Hyatt Orlando,(407) 238-1288,   
Food Pantry - Accents Disney Swan Hotel,,
Food Pantry Resorts - Accents Intercontinental,,
Food Pantry Resorts - Accents JW Marriott,  ,
Food Pantry - Accents Phoenician,(480) 941-8200,
Food Pantry Resorts - Accents Royal Palm,(305) 604-5700,
Food Pantry - Accents Sheraton Chicago,(312) 245-9130,
Food Pantry Resorts - Accents Wailea Marriott,,
Food Pantry Resorts - Accents Westin Times Square,(212) 201-2700,
Food Pantry Resorts - Beverly Hilton Accents,(310) 274-7777,  
Food Pantry - Lamonts Hyatt Coconut Point,(239) 495-7358,
Food Pantry Resorts - Lamonts Hyatt Lost Pines,,
Food Pantry Resorts - Shops at Kukui'ula,,
Food Pantry Resorts - The Palace Collection,(415) 348-1890,
Food Pantry Resorts - Wakiki Beach Marriott Resort & Spa,,
Food Pantry Resorts - Westin Moana Surfrider Hotel,,
For Posh Sake,(804) 569-2713,
Formally Yours,(770) 923-5800,
Fortuity - Lawrence,(913) 491-5059,
Fortuity - Manhattan,(785) 532-9140,
Four Seasons - Boston,(617) 338-4400,
Four Seasons - Chicago,(312) 280-8800,
Four Seasons - Las Colinas Pro Shop,,
Four Seasons - Las Vegas,(702) 632-5000,
Four Seasons - Miami,(305) 358-3535,
Four Seasons - Scottsdale,(480) 515-5700,
Four Seasons - St. Louis,(314) 881-5800,
Frankie's On The Park,,
Freckles Chic,(870) 404-2639,
Fred,(203) 344-9533,
Free Reign Boutique,(610) 825-0100,
Frick & Frack,(973) 696-8266,
Frills on Fourth,(512) 352-5518,
Front Door Fashion,(469) 351-7144,
Gabrielle's,,
Gal Fashion,(915) 300-0010,
Gamine,(937) 294-7465,
Garmany,(732) 576-8500,
Gaudie & Co,(409) 729-2790,
Gaudie & Co,(409) 860-4433,
Gayle's,,
Gayle's Jewelers,(985) 732-9751,
Geraniums Boutique,304-344-1350,
Get Personal Too,(281) 493-4611,
Gift & Gourmet,(830) 379-1242,
Gifted,(609) 918-9088,
Gifted by the Sea,(609) 342-0219,
Giganti Jewelry,(217) 793-3300,
Giggleswick,(662) 323-4438,
Gigi's Boutique,(843) 815-4450,
Gigi's Boutique,(931) 456-0003,
Gingers,(662) 286-2821,
Girlfriend's Flowers & Gifts,(620) 624-1649,
Glen Ivy Hot Springs,(888) 453-6489,
Glik's,(618) 876-6717,
Glitz Fine Clothing,(209) 664-9737,
Glow,(334) 770-4569,
Godwin Jewelers,(229) 246-7900,
Goffin's 64 Park,(201) 438-0265,
Gold Connection,(205) 487-4949,
Golden Nugget Lake Charles,,
Goodman and Sons - Hampton,(757) 838-2328,
Goodman and Sons - Williamsburg,(757) 229-5388,
Gracie Grey Interiors,(575) 964-2205,
Grand Hyatt Kauai Resort,,
Grand Wailea,(808) 875-1234,
Greetings & Readings,(410) 771-3022,
Grigsby's Boutique,(325) 949-0610,
Griner Jewelry,(229) 985-3700,
H Squared,(662) 843-4504,
Hallie B,(972) 971-4191,
Halls,(816) 274-4538,
Hamilton Jewelers,(903) 572-8361,
Harley's,979-693-0995,  
Harris Jeweler,(937) 335-0055,
Harrison's Dept Store,870-853-5294,
Haymore Garden Center,(434) 836-1722,
Heaven & Earth,(570) 573-3701,
Hello Beautiful Boutique,,
Henri's Cloud Nine,(800) 952-3560,
Henry & Pearl,(770) 777-9171,
Henry's Trading Post,(609) 398-4238,
Her Hide Out,(484) 973-6333,
Heritage House Gifts,(228) 897-7644,
Herringstone's Two Sisters' Monroe,(318) 372-4351,
Herry's Clothes Closet,(706) 543-0702,
Hill's In-House Jewelers,(601) 649-7735,
Hilltop House Bridal and Gift Boutique,(731) 285-6810,
Hilton Waikoloa Village,,
Hissyfit's  - Dothan,(334) 677-1558,
Hissyfit's  - Rosemary Beach,(850) 231-0311,
Hissyfit's - Rosemary Beach,,
Holidaze & Gifts,(972) 596-7695,
Holly & Brooks,(704) 661-5937,
Holly's,(515) 432-8606,
Holsted Marketing Inc,,
Homestead,(979) 245-4663,
Honeysuckle & Home,(870) 595-2135,
Hotel Del Coronado,(619) 435-6611,
House of Lucky,(866) 709-2009,
I Elle Boutique,(707) 280-0508,
Ima's Fashion - Jackson,(731) 300-3768,
Ima's Fashion - Jonesboro,(870) 932-4019,
Ima's Fashion - Paragould,(870) 236-8523,
Indie,(479) 434-4467,
Indigeaux Denim Bar + Boutique,(850) 607-2255,
Indigo,(901) 755-6161,
Indigo,,
Indigo Highway,(435) 214-7244,
Indigo Octopus,(443) 235-0758,
Infinity Jewelers,,
Inspire Me,(574) 232-1798,
Irresistibles,(781) 631-8903,
Island Cabana,(941) 896-4946,
Island Hotel Newport Beach,(949) 760-4993,
Island Proper,(252) 646-7895,
Island Pursuit - Mystic,(941) 388-2849,
Island Pursuit - Newport,(941) 388-2849,
Island Pursuit - Sanibel,(941) 388-2849,
Island Pursuit - Sarasota,(941) 388-2849,
It's Retail Therapy,(803) 943-8464,
Ivy Lane,(770) 578-0506,
J. Hoffman's,(806) 797-8794 ,
J. Lilly's Boutique,,
J. Roberts,(575) 257-6945,
JW Marriott Lantana Spa,(210) 276-2300,
James & Leigh,,
Jamiee's Boutique,(575) 791-7249,
Jenna Jane's Jewelry,(609) 492-2288,
Jennifer Miller,(212) 734-2299,
Jennifer's Country Cuts,(870) 696-3400,  
Jess Boutique,(802) 660-4004,
Jennifer's On Main,(319) 277-4880,
The Jewelry Gallery,(845) 429-2613,
Jewells Fine Jewelry,(540) 345-3564,
Joe Brand,(956) 722-0771,
Johnathan Michael's - Irwin,(724) 863-0722,
Johnathan Michael's - McMurray,(724) 863-0722,
Jongee's,(931) 836-2822,
"Joyus, Inc.",(415) 445-4195,
Jubilee Boutique,(228) 872-6118,
Juli's Wearable Art,(814) 623-7216,
Julia Vogue - Bakersfield,,
Julia Vogue Fashion Accessories LLC,(559) 448-0888,
Julia Vogue Fashion Accessories LLC - Blackstone,,
Julian Gold - Midland,,
Julian Gold - San Antonio,(210) 824-2493,
Julian Gold- Corpus Christi,(361) 853-9974,
Julien's,(830) 278-8185,
Jumby Bay Gift Shop,(405) 922-6082,
June & Beyond,(417) 718-1717,
Juniper & Mae,(815) 878-4952,
K. Marie & Co,(707) 386-5731,
K. Pavolini Company,(228) 222-5268,
KK Bloom,(980) 428-6443,
KSL Resorts - Miraval,,
KSL Resorts - The James Royal Palm,(786) 276-0313,
Karats & Keepsakes,(478) 471-6688,
Keeneland,(859) 254-3412,
Kelley Jewelers,(580) 772-3113,
Kelli Shop,(209) 384-0255,
Kelly Field's Boutique,,
Kemah Boardwalk ,,
Kiawah Fine Jewelry,(843) 768-5357,
Kicks,,
Kim Moody Design,(434) 292-5005,
Kleinfeld Bridal,(646) 633-4369,
Knuth's,(216) 831-1116,
Kohala Bay Collections,(808) 293-2728,
Koser Jewelers,(717) 653-4941,
Koze,(415) 435-1916,
Kreations,(754) 400-8915,
Kreations - BCC,(786) 220-6012,
Kreations - Wellington,(954) 907-4727,
Krekeler Jewelers,(573) 756-3625,
La Belle Vita,(406) 721-2955,
La Chique Maison,(985) 665-4631,
La Di Da,(856) 222-1778,
La Quinta Resort & Club,(760) 564-8000,
La Ti Da Boutique,(330) 758-9900,
La Ville,,
Lace Silhouettes Lingerie,(609) 898-7448,
Lansky Bro's - Peabody Hotel,(901) 525-5401,  
Lansky Bro's - Peabody Hotel,(901) 525-5401,  
Lasker Jewelers,(715) 835-5914,
Lasting Impressions,(936) 598-6553,
Laura of Pembroke,(330) 477-4455,
Lavish,,
Lavish Gift & Home,(310) 502-3675,
LavishlyHip,(413) 210-5113,
Lawrences,(817) 731-2772,
Layla Grace,(626) 356-2133,  
LavenderBlue,(609) 971-8880,
Leigh's,(616) 942-6300,  
Leela & Lavender,(701) 893-6453,
Leslie Jewelers,(501) 268-2340,
LewLew's,(931) 363-6375,
Lilac and Lilies,(954) 530-3109,   
Liles & Company,(580) 808-5354,
Lilie Alexander,(847) 234-5858,
Lilla & Beth,(512) 431-4976,
Lizzy G's Fine Gifts,(281) 251-5866,
Loeb's,(601) 482-4004,
Lola NY,(914) 358-1314,
Lolettas,(256) 489-8889,
Loli & The Bean,(850) 576-5654,  
The Loocke,(302) 741-2340,
Looking Glass,,
Lorraine K,(203) 261-7556,
Louisiana Coin Exchange,(318) 869-3.472,
Louisiana Purcahses & Interiors,(318) 605-3593,
Love You Back,(704) 213-3913,
Lovely Paperie and Gifts,(216) 767-5277,
LSL Brands - Signatures,(609) 884-1434,
Lucca,(251) 224-4370,  
The Lucky Knot - Alexandra,(703) 549-1797,
Lucy Rose,(504) 895-0444,
Luka,(956) 627-0640,
Lulu,(575) 523-4747,
Luxe Apothetique,(512) 346-8211,
Luxe Apothetique,,
M & R Jewelers,(956) 971-1640,
M. Marie,(863) 318-9600,
M. Moose,(505) 325-7800,
MD Anderson Cancer Center,(713) 792-3228,
MGM - Maryland National Harbor,,
MGM - Mirage Essentials,(702) 792-7762,
MGM Bellagio Spa,(702) 692-1210,
MGM Resorts - Bellagio Tutto,(702) 693-7762,
Ma Milles Gifts,(225) 892-1695,
Mabel and Zora,(503) 241-5696,
Macy May,(936) 205-5911,
Madison's Closet,(501) 454-2999,  
Madison's on Main,(828) 488-3900,
Madrone Vineyards Estate,,
Maggie Adams,(717) 730-2000,
Magnolias of Salado,(254) 947-0323,
Magpies Gifts,(281) 256-9777,
Magpies Gifts,(713) 661-9777,
Magpies on Sweetwater,(281) 277-9777,
Main & Gray,(803) 802-4663,
Makie Black Boutique,(806) 352-0552,
Malouf's,(806) 794-9500,
Malouf's Southlake,(806) 794-9500,
Manhattan South,(205) 977-3871,
Marcelina's Boutique,(609) 729-7528,
Marella,(563) 556-3007,
Marion's,(727) 821-2345,
Mars Solutions - Resort de Pedegral Cabo,,
Martha Rose Gifts & Home Decor,(573) 567-5050,
Martin Binder Jeweler,(219) 462-5931,
Mary & Mak Boutique,(855) 702-4323,
Mary Jane's - Estes Park,(970) 586-9034,
Mary Jane's - Steamboat Springs,(970) 879-7265,
Mary Jane's - Vail,(970) 476-7020,
Mary Jane's - Waikoloa,(808) 886-2707,
Material Girls,(601) 992-4533,
Material Girls - Flowood,,
Material Girls - Hattiesburg,,
Material Girls - Online,,
Mathew's Jewelers,(409) 886-7233,
Mauna Kea Beach Hotel,(808) 882-7222,
Mauna Lani Bay Hotel & Bungalows,(808) 885-6622,
Maxwell James,(856) 795-0222,
Mays Street Boutique,(512) 248-2555,
McB's,(601) 450-6227,
McGinty Jewelers,(573) 335-6347,
Meig's Jewelry,(918) 456-6233,
Melly,(952) 929-9252,
Memory Makers,(434) 447-6200,
Meridian,(406) 652-9999,  
MGM Park - Las Vegas,(702) 730-7000,
Mia Bella's Boutique,,
Mica & Molly's,(321) 821-4962,
Michele Jewelry Inc.,(979) 865-3941,
Millie Grace,,
Milly & Grace,(508) 901-5051,
Mimi's Boutique,,
Mimi's on Main,(662) 562-8261,
Mimosa Boutique,,
Mingle,(225) 627-2165,
Minky Mink,(518) 926-7227,
Mod Cottage,(302) 227-7277,
Mode,(985) 892-0455,
Monkee's of Columbia,(803) 764-2890,
Monkee's of Fredricksburg,(540) 368-2111,
Monkee's of Greenville,(252) 758-7463,
Monkee's of Lexington,(859) 253-0427,
Monkee's of Louisville,(502) 897-149,
Monkee's of Virginia Beach,(757) 961-9722,
Monograms Plus,(205) 822-3353,
Montavo Jewelers,(956) 631-7940,
Morning Sky Boutique,(918) 773-5000,
Mosaic Clothing,(843) 374-0377,
Mullen Bros. Jewelers,(508) 673-2251,
Murray's Toggery Shop,(508) 228-0437,
Mykonos,(610) 558-8000,
Mystic Mermaid,(619) 233-0321,
Natty Beau - The Corner,(434) 977-0058,
Navarra's,(337) 433-3637,  
Neda Boutique,(718) 624-6332,
Nest of Feathers,(678) 943-2577,
Never Enough,(724) 838-1878,
Newbury Place,(203) 264-7333,
Nhu Avenue,(405) 778-8387,
Nikia,(516) 504-1111,
Nikkel Fashion Boutique,(631) 864-4223,
Nina at Fred Segal,(310) 458-8820,
Nordstrom - Ala Moana,(808) 953-6100,
Nordstrom - Alderwood Mall,(425) 771-5755,
Nordstrom - Anchorage,(907) 279-7622,
Nordstrom - Annapolis Mall,(410) 573-1121,
Nordstrom - Arden Fair,(916) 646-2400,
Nordstrom - Arden Fair,(916) 646-2400,
Nordstrom - Aventura,(305) 356-6900,
Nordstrom - Barton Creek Square,(512) 691-3500,
Nordstrom - Beachwood Place,(216) 378-2121,
Nordstrom - Bellevue Square,(425) 455-5800,
Nordstrom - Brea Mall,(714) 529-0123,
Nordstrom - Broadway Plaza in Walnut Creek,(925) 930-7959,
Nordstrom - Burlington,(781) 345-7800,
Nordstrom - Chandler Fashion Center,(480) 855-2500,
Nordstrom - Cherry Creek Shopping Center,(720) 746-2424,
Nordstrom - Cherry Hill,(856) 773-5600,
Nordstrom - Christiana Mall,(302) 613-6000,
Nordstrom - Cicle Centre,(317) 636-2121,
Nordstrom - Clackamas Town Center,(503) 652-1810,
Nordstrom - Downtown Portland,(503) 224-6666,
Nordstrom - Downtown Seattle,(206) 628-2111,
Nordstrom - Dulles Town Center,(571) 434-4000,
Nordstrom - Easton Town Center,(614) 416-7111,
Nordstrom - Fashion Island,(949) 610-0700,
Nordstrom - Fashion Mall,(317) 810-9809,
Nordstrom - Fashion Mall at Keystone,,
Nordstrom - Fashion Place,(801) 261-4402,
Nordstrom - Fashion Show,(702) 862-2525,
Nordstrom - Fashion Valley,(619) 295-4441,
Nordstrom - FlatIron Crossing,(925) 930-7959,
Nordstrom - Freehold Raceway Mall,(732) 308-1117,
Nordstrom - Galleria Dallas,(972) 702-0055,
Nordstrom - Galleria at Roseville,(916) 780-7300,
Nordstrom - Glendale Galleria,(818) 502-9922,
Nordstrom - Hillsdale Shopping Center,(650) 570-5111,
Nordstrom - Horton Plaza,(619) 239-1700,
Nordstrom - Houston Galleria,(832) 201-2700,
Nordstrom - International Plaza,(813) 875-4400,
Nordstrom - Irvine Spectrum Center,(949) 255-2800,
Nordstrom - Kenwood,(513) 699-4190,
Nordstrom - Lloyd Center,(503) 287-2444,
Nordstrom - MacArthur Center,(757) 314-1111,
Nordstrom - MacArthur Center,(757) 314-1111,
Nordstrom - MainPlace,(714) 972-2020,
Nordstrom - Mall of America,(952) 883-2121,
Nordstrom - Mall of Georgia,(678) 546-1122,
Nordstrom - Menlo Park,(732) 603-5000,
Nordstrom - Michigan Avenue,(312) 454-1515,
Nordstrom - Montclair Plaza,(909) 625-0821,
Nordstrom - Montgomery Mall,(301) 365-4111,
Nordstrom - Natick Collection,(508) 318-2600,
Nordstrom - North County,(760) 740-0170,
Nordstrom - North East Mall,(817) 590-2599,
Nordstrom - NorthPark Center,(214) 231-3900,
Nordstrom - Northgate,(206) 364-8800,
Nordstrom - Northshore,(978) 278-7400,
Nordstrom - Oak Park Mall,(913) 492-8111,
Nordstrom - Oakbrook Center,(630) 571-2121,
Nordstrom - Old Orchard Center,(847) 677-2121,
Nordstrom - Park Meadows,(303) 799-3400,
Nordstrom - Partridge Creek,(586) 203-4360,
Nordstrom - Paseo Nuevo,(805) 564-8770,
Nordstrom - Perimeter Mall,(770) 394-1141,
Nordstrom - Phipps Plaza,(404) 442-3000,
Nordstrom - Providence Place,(401) 621-3111,
Nordstrom - Roosevelt Field,(516) 746-0011,
Nordstrom - Ross Park,(412) 548-4300,
Nordstrom - Salem Center,(503) 371-7710,
Nordstrom - San Francisco Centre,(415) 243-8500,
Nordstrom - Santa Anita,(626) 821-6363,
Nordstrom - Santa Monica,(910) 752-2701,
Nordstrom - Scottsdale Fashion Square,(480) 946-4111,
Nordstrom - Short Pump Town Center,(804) 364-6900,
Nordstrom - Somerset Collection,(248) 816-5100,
Nordstrom - Somerset Collection,(248) 816-5100,
Nordstrom - South Bay Galleria ,(310) 542-9440,
Nordstrom - South Coast Plaza,(714) 549-8300,
Nordstrom - South Park,(704) 442-6000,
Nordstrom - South Shore Plaza,(781) 519-7200,
Nordstrom - Southcenter,(206) 246-0400,
Nordstrom - Southcenter,(206) 246-0400,
Nordstrom - Spokane,(509) 455-6111,
Nordstrom - Stanford Shopping Center,(650) 323-5111,
Nordstrom - Stonebriar Centre,(972) 712-3794,
Nordstrom - Stoneridge Mall,(925) 463-5050,
Nordstrom - Stonestown Galleria,(415) 753-1344,
Nordstrom - Tacoma Mall,(253) 475-3630,
Nordstrom - The Fashion Centre at Pentagon City,(703) 415-1121,
Nordstrom - The Florida Mall,(407) 888-7889,
Nordstrom - The Gardens,(561) 340-2100,
Nordstrom - The Grove ,(323) 930-2230,
Nordstrom - The Mall at Short Hills,(973) 467-1500,
Nordstrom - The Mall in Columbia,(410) 715-2222,
Nordstrom - The Plaza at King of Prussia,(610) 265-6111,
Nordstrom - The Shops at La Cantera,(210) 332-1900,
Nordstrom - The Shops at Mission Viejo,(949) 347-2710,
Nordstrom - The Streets at Southpoint,(919) 806-3700,
Nordstrom - The Village at Corte Madera,(415) 927-1690,
Nordstrom - The Westchester,(914) 946-1122,
Nordstrom - Thousand Oaks,(805) 418-4500,
Nordstrom - Topanga,(818) 884-7900,
Nordstrom - Towne Center,(561) 620-5555,
Nordstrom - Towson Town Center,(410) 296-2111,
Nordstrom - Twelve Oaks Mall,(248) 504-5700,
Nordstrom - Twelve Oaks Mall,(248) 504-5700,
Nordstrom - Tysons Corner Center,(703) 761-1121,
Nordstrom - University Mall,(801) 426-2800,
Nordstrom - University Towne Centre,(858) 457-4575,
Nordstrom - Valley Fair,(408) 248-2180,
Nordstrom - Vancouver,(360) 256-8666,
Nordstrom - Washington Square,(503) 620-0555,
Nordstrom - Waterside,(239) 325-6100,
Nordstrom - Wesfarms,(860) 521-9090,
Nordstrom - West County,(314) 255-2000,
Nordstrom - Westside Pavillion,(310) 470-6155,
Nordstrom - Woodfield Shopping Center,(847) 605-2121,
Nordstrom - Woodfield Shopping Center,(847) 605-2121,
Norma's Country Dreams,(281) 930-9589,
Nove,(480) 292-9215,
Oak - A Southern Experience,,
Occasionally Yours - Beaver Creek,(937) 427-3268,
Occasionally Yours - Columbus,(614) 454-3886,
Occassionally Yours - Easton,(937) 912-4890,
Occassionally Yours - Hamilton,(937) 912-4890,
Occassionally Yours - Liberty,(937) 912-4890,
Occassionally Yours - The Greene,(937) 912-4890,
Ocean Palm Virginia Beach,(757) 437-7256,
Ocean Palm Williamsburg,(757) 229-3961,
Olive You,(859) 625-1328,
Omni Frisco,(469) 287-0000,
Omni La Costa Resort,(760) 438-9111,
Omni Ranch Las Palmas Resort & Spa,(760) 568-2727,
On A Whim,(918) 728-8988,
On A Whim,(405) 848-3488,
On A Whim,(918) 728-8988,
Orlando World Center Marriott,(786) 388-2555,
Outback Leather Inc,(865) 908-3323,
Outside and In,(985) 876-7809,
Pacific Sports Redwood,,
Pacific Sports San Diego,,
Painted Pink,(334) 834-2220,
Paisley,(985) 727-7880,
Panache Apparel & Accessories,(228) 822-0120,  
Paper Chase,(888) 822-4583,
Paradies Shop,,
Parkleigh,(585) 244-4842,
Parts Unknown,(805) 312-8292,
Patsy's Bridal Boutique,,
Paula & Chlo,(248) 865-7789,
Peabody's Interiors,(414) 962-4550,
Peacock Lane,,
Peacocks and Pearls,(270) 313-9885,
Pearl,(904) 844-2912,
Pecks Lodge,(405) 372-5597,
Penny's Closet,(615) 890-0415,
Pepi's Sports,(970) 476-5206,
Pepperberries,(540) 829-2290,
Peppermill Resort & Casino,(775) 826-2121,
Perch,(970) 688-5947,
Perfect Touch - Tuscaloosa,(334) 289-1275,
Periwinkle - Bel Air,(402) 916-4789,
Periwinkle - Hicksville,(516) 935-3200,  
Periwinkle - New Hyde Park,(516) 352-3900,
Periwinkle - Village Point,(402) 968-6648,
Periwinkles - Fairhaven,(508) 984-4930,
Personal Expressions,(573) 471-4171,
Pink Bungalow - Montclair,(973) 337-5371,
Pink Lagoon - Solana Beach,(858) 792-0882,
Pink Laundry,(714) 921-8685,
Pink Narcissus,(352) 373-4874,  
Pink Narcisuss - Daytona Beach,(386) 256-1234,
Pink Narcisuss - Panama Beach,(850) 233-2141,
Pink Palm - Alexandria,(703) 299-0856,
Pink Palm - Bethesda,(301) 913-9191,
Pink Palm - McLean,(703) 556-8750,
Pink Palm - Richmond,(804) 282-8799,
Pink Parkway,(781) 342-5449,
Pink Saloon,(316) 612-7465,
Pink Tulip Club,(513) 609-9393,
Poppy,(419) 565-7760,
Poppy Boutique,(650) 269-7747,
Posh,(580) 540-4386,
Posh Accessories,(626) 441-2100,
Precious Accents,(201) 567-6001,
Pretty Girlz,(850) 674-4744,
Pretty In Punch,(979) 733-6050,
Pretty Woman Boutique,(225) 658-5899,
Proposals,(501) 661-4696,
Puckett's,(270) 527-3040,
Punch Boutique,(540) 904-6743,
Punchy's,(254) 386-4445,
Puritan Cape Cod,(508) 775-2400,
PurseSnickety,(419) 565-7760,
R.S.V.P.,(734) 455-7229,
RAOK Boutique,(813) 754-7265,
RMC Boutique,(912) 335-2389,
Ramona & Co.,(615) 218-4489,
Rebecca's,,
Red Apple Boutique,(863) 448-4096,
Red Door Gifts Rolla,(573) 364-0016,
Reed's,(662) 842-6453,
Reeds Jewelers,(910) 256-2962,
Refine,,
Reflections - Laguna Beach,,
Rhinestone Angel,(361) 865-9026,
Ribbon Chix - Murray,(270) 761-2449,
Ribbon Chix - Paducah,(270) 557-2449,
Ritz Carlton,,
Rocks Box,(917) 685-9303,  
Romm Diamonds,(508) 587-2533,
Roomors,(631) 669-5196,
Rowena's on Main,(423) 581-0600,
Ruby Jane - Denver Highlands,(720) 855-7067,
Russell's Fine Gifts,(830) 775-3502,
Sabi Boutique,(979) 224-8595,
Sassy,(781) 551-0273,
Sassy Girl,  ,
Sathers Leading Jewelers,(970) 223-0256,
Savvy Boutique,(775) 851-1001,
Sawmill Creek Resort,(419) 433-4945,
Scandia Down,(947) 205-1010,
Scandia House,(951) 733-7601,
Seabel's,(719) 543-2400,
Henredon & Schoener,(425) 454-9000,
Second Street Fashions,(956) 487-4488,
Selfridges & Co,,
Selman's Jewelers,(601) 684-1517,
Serendipity by Kei,(334) 417-0170,
Serendipity by the Sea,(508) 748-1800,  
Seven Oaks Jewelers,(435) 319-6892,  
Seven Oaks Jewelers - Vernal,(435) 789-3337,
Sharla's,(214) 742-7527,
She Chester,(804) 717-5305,
She Said Yes,(479) 631-2006,
She She Boutique & Gallery,(970) 249-4944,
She She Shoes,(408) 354-3355,
Shear Impressions,(512) 312-2511,
Shot Spot,(678) 664-0610,
Showroom 56,(570) 714-1551,
Signatures Invitations & Gifts ,(623) 572-6820,
Silver Collections,(618) 524-5695,
Silver Collections - Marion,(618) 638-7131,
Silver Leaf Boutique,(985) 839-5411,
Silver Lining,(704) 283-2125,
Silver Steer & Co,(615) 807-2840,
Simply Charming,(540) 722-2669,
Simply CoCo,(940) 627-3125,
Simply Meg's,(336) 272-2555,
Simply Serene Salon & Spa,(830) 331-1103,
Simply Southwest,(620) 672-7722,
Singalila,(847) 816-3820,
Sissy's Log Cabin,(870) 692-3368,
Sisters,(201) 463-9116,
Skaneateles300,(315) 685-1133,
Smartie Pantz Kids,(830) 798-9323,
Soho Clothiers,(479) 271-8453,
Something Different Boutique,(610) 515-8006,
Something Else,,
Something White Bridal,(816) 216-7454,
Sophie Reese,(631) 427-3200,
Sora & Company,(406) 868-4436,
Sora & Company - Missoula,,
Soto Boutique - Sherman Oaks,(818) 817-9775,
South Moon Under,,
South Moon Under - Arlington,,
South Moon Under - Bethesda,,
South Moon Under - Reston ,,
Southern Bliss,(606) 633-0016,
Southbank Gift Company,(573) 659-4438,
Southern Loop,,
Southern Roots,(501) 778-3339,
Southern Sisters,(770) 822-1900,
SpaLicious Boutique,(731) 926-4024,
Special Treasures,(662) 283-5721,
Spicer Greene Jewelers,(828) 253-1805,
Spirit Gift Shop,(512) 404-3660,
Spoil Me Rotten Boutique,(619) 677-3000,  
Squash Blossom Boutique,(620) 914-2148,
St. Regis Monarch Beach Resort,(949) 234-3200,
St. Regis Princeville Hotel,,
Stationary Loft,(863) 248-4438,
Steel's Jewelry,(229) 244-3369,
Stella Rae's,918-715-3301,
Steph + Elli,(716) 407-3603,
Stephan's Exclusives,(706) 885-9979,
Steve's On The Square,(601) 656-5056,
Studio 14,(580) 256-6950,
Studio 77 Gifts & Accessories,(843) 497-5931,
Studio Vino,(970) 622-9632,
Sugar & Spice,(731) 587-0811,
Sugar & Spice - Union City,(731) 599-9600,
Sumac Trading Co.,(580) 252-1899,
Sunflowers,(267) 544-0293,
SVS Fine Jewelry,(516) 766-2614,
Sweet Mash,(502) 604-6020,
Sweet Twist,(401) 885-7579,
Swoon,(508) 497-9666,
Swoon,,
Take A Peak,(203) 451-0323,  
Tapestry,(864) 833-6591,
Taylor Connection,(601) 605-0236,
Taylorsville Florist & Gifts,(601) 785-6556,
Taz Boutique - Greenville,(864) 603-1456,
Taz Boutique - Pawley's,(843) 237-2056,
Tempo,,
Terrazza,(508) 528-0977,
Tess Morgan,(973) 992-2400,
Tess Morgan - Bayside,(718) 352-1200,  
Tess Morgan - East Brunswick,(732) 432-7300,  
Tess Morgan - Massapequa,(516) 797-3200,
The Apple Basket,,
The Basketry,(985) 785-8769,
The Bee,(732) 974-0060,
The Better Half,(601) 431-0588,
The Blonde & The Brunette,(319) 366-1228,
The Brass Trunk,(903) 935-3645,
The Broadmoor,,
The Bug's Ear - Bardstown,(502) 507-1006,  
The Bug's Ear - Elizabethtown,(270) 982-2700,
The Candle Shop,(662) 578-0290,
The Castle Collection,(817) 645-5415,
The Caviar Co,(415) 580-7986,
The Cedar Chest,(512) 847-1100,
The Chatham Home,(508) 945-5562,
The Chic Chandelier Boutique,,
The Clothes Gallery,(815) 455-3307,
The Clotheshorse,,
The Containery,(940) 766-6367,
The Cottage,(410) 647-6742,  
The Cotton Gin,(256) 797-2340,
The Cotton Patch,(580) 477-1724,
The Diamond Galleria,(812) 465-6640,
The Dienger,(830) 331-2225,
The District on Main,(918) 283-4637,
The Farmer's Daughter Boutique,(270) 885-5104,
The Fashion of Ruston,(318) 255-2525,
The Festive Nest,,
The Friendly Octopus,(806) 778-2864,
The Front Parlor,(409) 762-0224,
The Garment District,(303) 757-3371,
The Gift Shop,(870) 382-6907,
The Grove,(407) 740-0022,
The Joy of Living,(406) 294-1701,
The LBD,(316) 440-0772,
The Lime Leopard,(405) 755-3456,
The Lucky Knot,(703) 622-3847,
The Market On Washington,(706) 754-4556,
The Merry Magnolia,(870) 739-5579,
The Mill Design & Home,(662) 370-1030,
The Navy Knot,(262) 993-1546,
The Nest,(770) 632-9008,
The Palm Tree - Denton,,
The Palm Tree - Grapevine,(817) 329-0719,
The Palm Tree - Victoria ,(361) 550-2263,
The Palm Tree Boutique,(361) 576-3611,
The Papery - Shrewsbury,(732) 741-0414,
The Papery - Summit,(908) 608-9300,
The Paradies Shops - Corsa Collections,(702) 733-9442,
The Pear Tree Gallery,(412) 582-2661,
The Pink Ch?ólet,(407) 363-7465,
The Pink Magnolia,(919) 561-1769,
The Pink Magnolia - Cary,(919) 518-5532,
The Pink Zinnia,(662) 449-5533,
The Pomegranate,(931) 684-3673,
The Prissy Closet,(423) 745-2565,
The Rage,(580) 226-2816,
The Red Door,,
The Red Owl Meriden,(860) 966-9629,
The Red Owl and Gifts,(203) 439-0401,
The Red Poppy Boutique,(417) 725-4900,
The Ritz Carlton - Denver,,
The Ritz Carlton - Naples,(239) 598-3300,
The Ritz Carlton Orlando,(407) 206-2400,
The Royal Hawaiian Hotel,,
The San Luis Resort,(713) 386-8025,
The Silver Dahlia - Glastonbury,(860) 633-1817,
The Silver Dahlia - Simsbury,(860) 408-1239,
The Silver Dahlia - West Hartford,(860) 216-6221,
The Silver Sun,(225) 215-2345,
The Southern Pearl Boutique LLC.,(405) 387-4436,
The Steel Horse,(918) 272-2332,
The Swank Company - Furys Ferry,(706) 432-9282,
The Swank Company - Surrey Center,(706) 364-3421,
The Treehouse Inc,(706) 782-7297,
The Trendy Trunk,(615) 264-0448,
The Very Thing,(936) 632-2202,
The Vintage House,(972) 242-5616,
The White Butterfly,(732) 901-6262,
The Willow Tree - Boaz,(256) 593-7739,
The Willow Tree - Centre,(256) 593-7739,
The Willow Tree - Gadsden,(256) 549-0204,
The Willow Tree - Jacksonville,(256) 435-6018,
Therapy Boutique,(334) 821-3025,
Third and Broadway,(495) 740-9184,
Thompson's Gift Shop,(806) 655-2525,
Three Times A Lady,(615) 446-3838,
Tickle's,(508) 379-0717,
Tiger Lily,(405) 285-5764,  
Tiptoe,(516) 374-1100,
Tony Walker & Co.,(716) 650-5606,
Touche,(801) 299-8372,
Town & County,(417) 883-6131,
Traditions,(229) 391-9797,
Travel Traders - Bethesda,(786) 388-2538,
Travel Traders - Fairmont San Francisco,(786) 388-2538,
Travel Traders - Hilton Anaheim,(786) 388-2555,
Travel Traders - Hilton San Francisco,(786) 388-2538,
Travel Traders - Hyatt Regency Chicago,(786) 388-2538,
Travel Traders - Hyatt Regency Hill Country,(786) 388-2538,
Travel Traders - Hyatt Regency Huntington Beach,(786) 388-2538,
Travel Traders - Hyatt Regency Indian Wells,,
Travel Traders - Hyatt Regency Lake Tahoe,(786) 388-2538,
Travel Traders - Hyatt Regency Los Angeles,(786) 388-2538,
Travel Traders - Hyatt Regency Orlando,(407) 284-1234,
Travel Traders - JW Marriott Desert Springs,,
Travel Traders - JW Marriott Orlando,(786) 388-2538,
Travel Traders - La Concha,(786) 388-2538,
Travel Traders - Marriott Anaheim,(786) 388-2538,
Travel Traders - Marriott Marquis Houston,,
Travel Traders - Marriott San Diego,,
Travel Traders - Palm Springs,(786) 388-2538,
Travel Traders - Park Central San Francisco,(786) 388-2538,
Travel Traders - Wyndham Grand ,(786) 388-2555,
Travel Traders Westin Keirland Resort and Spa,,
Traveling Chic Boutique,(843) 295-9003,
TRE Boutique - Pacific Highlands,(858) 847-2760,
TRE Boutique - Del Mar,(858) 755-7227,
TRE Boutique - Encinitas,(760) 942-0227,
Tre's Chic,(979) 836-9505,
Tressie Boutique Fort Collins,,
Trinity Jewelers,(412) 367-7131,
Trinket's,(609) 408-2474,
Two P's & Calli's Boutique,(512) 392-8967,
Two Skirts,(970) 728-6828,
Ultimate Gifts,(662) 349-2717,
Uptown Gifts & Accessories,(309) 452-7999,
Urban Minx,(541) 312-7045,
VICI - Newport Beach,,
Valleygirl Boutique - Avon,(970) 748-5008,
Valleygirl Boutique - Breckenridge,(970) 453-9383,
Valleygirl Boutique - Edwards,(970) 926-5007,
Van Norman's,(337) 738-4438,
Vanities,(915) 584-1183,
Variety Printing and Gifts,(423) 246-8371,
Vaughan's Jewelry,(252) 482-3525,
Vici,(925) 954-7475,
Village Collection,(304) 525-2204,
Village Designs Elmwood,(716) 881-7800,
Vintage Charm,(630) 632-1918,
Vintage Charm - Granger,(708) 354-1557,
Vintage Rose Emporium,(270) 759-2100,
Vintage Vogue,,
Vogue Boutique,(580) 225-5155,
Von Maur,,
WAC - Carmel Valley,,
WAC - Cupertino,(408) 458-4118,
WAC - El Segundo,(408) 458-4118,
WAC - Redwood Shores,(408) 458-4118,
WAC - Santana Row,,
Waldorf-Astoria Hotel 656,(212) 355-3000,
Walin & Wolff - Southport,(914) 305-3920,
Walin and Wolff - New Canaan,(203) 966-4281,
Walin and Wolff - Rye,(914) 305-6601,
Walin and Wolff - Westport,(800) 270-0275,
Walker Boutique,(912) 681-3784,
Walla Walla - Boise,,
Walla Walla - Kennewick,,
Walla Walla - Meridian,,
Walla Walla - Tacoma,,
Walla Walla - Walla Walla,,
Warren's,(727) 799-1960,
Water Street Boutique,(708) 995-1998,  
WAVE,(203) 966-1778,
WAVE Gallery New Haven,(203) 624-3032,
Weddington Way,(415) 926-5925,
Welling & Co Jewelers,(513) 779-8883,
Westlake Dermatology,(512) 328-3376,
Westmont Gallery & Boutique,(936) 597-5505,
What To Wear,(719) 488-5980,
What to Wear,(618) 655-0222,
White Birch Interiors & Home,(618) 466-9100,
Whitney & Winston,(617) 720-2600,
Wildflower Boutique,(985) 702-1077,
Will Nilly Trading Co.,,
Wish Boutique,(303) 722-2900,
Wit's End Giftique,(518) 371-9273,
Wooden Nickel,(580) 353-5800,
Woodfield Country Club,(561) 994-1000,
Wynk Boutique,(308) 233-5554,
Y & I Clothing,(415) 202-0775,
Ye Peddler Gift Shoppe,(931) 388-8888,
Zeal Boutique,,
Zeal Boutique - Mobile,(251) 378-8195,
Zertz,(830) 990-8900,
Zinnia,(843) 388-9433,
Zus & Zo,(269) 625-7830,
